PassengerId,Survived,Pclass,Name,Sex,Age,SibSp,Parch,Ticket,Fare,Cabin,Embarked
2001,0,2,"Anderson, Mr. Alex 1",male,44.37,0,1,SYN-00001,19.3657,,S
2002,1,3,"Bennett, Mr. Morgan 2",male,29.72,0,1,SYN-00002,11.5649,,C
2003,0,3,"Carter, Mr. Taylor 3",male,,1,0,SYN-00003,4.9445,G158,S
2004,0,1,"Davis, Mr. Jordan 4",male,5.97,0,0,SYN-00004,87.3293,,S
2005,0,3,"Evans, Mrs. Casey 5",female,23.82,0,0,SYN-00005,19.443,,S
2006,0,2,"Foster, Mr. Riley 6",male,40.57,0,0,SYN-00006,21.5851,F157,S
2007,0,1,"Green, Mr. Avery 7",male,61.87,0,0,SYN-00007,45.1554,E110,S
2008,0,3,"Hall, Mr. Jamie 8",male,30.86,1,0,SYN-00008,7.4761,C133,S
2009,0,1,"Anderson, Mrs. Alex 9",female,19.29,0,1,SYN-00009,28.1103,A65,C
2010,1,1,"Bennett, Mr. Morgan 10",male,,0,0,SYN-00010,65.0324,,S
2011,0,3,"Carter, Mr. Taylor 11",male,37.73,0,1,SYN-00011,11.8641,,S
2012,1,1,"Davis, Mr. Jordan 12",male,5.3,1,1,SYN-00012,42.7491,,S
2013,1,3,"Evans, Mr. Casey 13",male,37.7,0,2,SYN-00013,29.0617,,S
2014,0,3,"Foster, Mr. Riley 14",male,41.45,1,1,SYN-00014,15.4613,,S
2015,0,3,"Green, Mr. Avery 15",male,36.11,0,1,SYN-00015,3.7306,B98,S
2016,1,3,"Hall, Mrs. Jamie 16",female,,1,0,SYN-00016,3.7729,E51,S
2017,0,3,"Anderson, Mr. Alex 17",male,37.91,1,1,SYN-00017,5.8204,D39,S
2018,0,3,"Bennett, Mrs. Morgan 18",female,32.39,0,0,SYN-00018,23.756,,S
2019,1,2,"Carter, Mr. Taylor 19",male,19.11,0,1,SYN-00019,32.6466,,S
2020,0,1,"Davis, Mr. Jordan 20",male,55.91,0,0,SYN-00020,170.9784,,S
2021,0,3,"Evans, Mr. Casey 21",male,25.08,0,0,SYN-00021,10.0563,,S
2022,0,3,"Foster, Mrs. Riley 22",female,40.86,2,1,SYN-00022,8.9117,B106,S
2023,0,1,"Green, Mr. Avery 23",male,0.17,0,0,SYN-00023,35.2465,,S
2024,0,3,"Hall, Mr. Jamie 24",male,,1,0,SYN-00024,12.1207,,C
2025,0,1,"Anderson, Mr. Alex 25",male,50.56,0,0,SYN-00025,62.8407,,S
2026,0,3,"Bennett, Mrs. Morgan 26",female,30.42,0,0,SYN-00026,8.7891,,C
2027,0,2,"Carter, Mr. Taylor 27",male,37.82,1,1,SYN-00027,48.6991,C111,S
2028,0,1,"Davis, Mrs. Jordan 28",female,37.82,0,0,SYN-00028,65.3009,,S
2029,1,1,"Evans, Mrs. Casey 29",female,21.0,0,0,SYN-00029,145.5522,,S
2030,0,2,"Foster, Mr. Riley 30",male,37.66,1,0,SYN-00030,8.3502,,S
2031,0,2,"Green, Mr. Avery 31",male,,1,0,SYN-00031,87.7239,G96,Q
2032,1,1,"Hall, Mr. Jamie 32",male,21.48,2,0,SYN-00032,57.0083,A49,Q
2033,1,2,"Anderson, Mrs. Alex 33",female,45.78,0,0,SYN-00033,29.5087,,C
2034,0,1,"Bennett, Mr. Morgan 34",male,,1,0,SYN-00034,112.7243,,S
2035,1,2,"Carter, Mr. Taylor 35",male,20.11,0,1,SYN-00035,15.2135,,Q
2036,1,2,"Davis, Mrs. Jordan 36",female,,0,0,SYN-00036,31.3809,C117,S
2037,1,2,"Evans, Mrs. Casey 37",female,20.96,1,1,SYN-00037,32.2909,,C
2038,0,2,"Foster, Mr. Riley 38",male,,1,0,SYN-00038,13.511,,S
2039,1,1,"Green, Mrs. Avery 39",female,16.0,0,0,SYN-00039,47.5975,,C
2040,1,1,"Hall, Mr. Jamie 40",male,34.99,0,0,SYN-00040,71.7662,C97,S
2041,0,1,"Anderson, Mr. Alex 41",male,40.46,1,0,SYN-00041,65.6918,,S
2042,0,3,"Bennett, Mr. Morgan 42",male,28.76,0,0,SYN-00042,21.5162,,Q
2043,0,3,"Carter, Mr. Taylor 43",male,44.14,0,0,SYN-00043,14.7177,,S
2044,1,3,"Davis, Mrs. Jordan 44",female,25.74,0,0,SYN-00044,9.6201,,C
2045,1,3,"Evans, Mr. Casey 45",male,3.6,0,0,SYN-00045,13.9563,,S
2046,1,3,"Foster, Mr. Riley 46",male,16.32,0,0,SYN-00046,3.2444,G46,S
2047,0,2,"Green, Mr. Avery 47",male,44.24,0,0,SYN-00047,14.2579,,S
2048,1,3,"Hall, Mrs. Jamie 48",female,19.27,1,1,SYN-00048,11.7152,,S
2049,0,3,"Anderson, Mr. Alex 49",male,34.9,0,0,SYN-00049,18.4679,,C
2050,0,3,"Bennett, Mrs. Morgan 50",female,29.0,0,0,SYN-00050,11.1614,,S
2051,1,3,"Carter, Mrs. Taylor 51",female,15.26,0,1,SYN-00051,22.3007,,S
2052,1,2,"Davis, Mrs. Jordan 52",female,21.47,1,0,SYN-00052,32.2365,,S
2053,0,3,"Evans, Mr. Casey 53",male,,0,0,SYN-00053,7.6446,,S
2054,1,3,"Foster, Mr. Riley 54",male,32.82,1,0,SYN-00054,9.2587,G25,C
2055,0,2,"Green, Mr. Avery 55",male,15.87,2,1,SYN-00055,25.0372,,C
2056,0,3,"Hall, Mr. Jamie 56",male,34.27,0,1,SYN-00056,7.8134,,S
2057,0,1,"Anderson, Mr. Alex 57",male,27.95,0,0,SYN-00057,162.5044,,S
2058,0,3,"Bennett, Mr. Morgan 58",male,78.36,0,0,SYN-00058,5.4346,,S
2059,1,3,"Carter, Mrs. Taylor 59",female,33.99,0,0,SYN-00059,11.8989,B72,S
2060,1,1,"Davis, Mrs. Jordan 60",female,24.67,0,1,SYN-00060,104.8983,,C
2061,0,3,"Evans, Mr. Casey 61",male,49.88,0,0,SYN-00061,8.4165,A146,S
2062,0,1,"Foster, Mr. Riley 62",male,4.23,0,0,SYN-00062,52.0474,,S
2063,1,3,"Green, Mr. Avery 63",male,31.32,0,0,SYN-00063,9.5902,,S
2064,1,3,"Hall, Mr. Jamie 64",male,57.92,2,1,SYN-00064,15.6299,,S
2065,0,3,"Anderson, Mr. Alex 65",male,28.37,1,1,SYN-00065,7.5964,E35,C
2066,0,3,"Bennett, Mr. Morgan 66",male,,1,1,SYN-00066,5.5549,,S
2067,0,1,"Carter, Mr. Taylor 67",male,24.46,1,0,SYN-00067,131.8041,,S
2068,1,2,"Davis, Mrs. Jordan 68",female,50.36,0,0,SYN-00068,24.9119,,S
2069,0,2,"Evans, Mrs. Casey 69",female,35.26,1,0,SYN-00069,34.8152,,S
2070,0,1,"Foster, Mr. Riley 70",male,18.26,0,2,SYN-00070,106.2854,,S
2071,1,2,"Green, Mrs. Avery 71",female,20.41,1,2,SYN-00071,66.3319,,C
2072,1,2,"Hall, Mr. Jamie 72",male,22.16,1,1,SYN-00072,36.9279,C35,S
2073,1,2,"Anderson, Mr. Alex 73",male,35.06,1,0,SYN-00073,13.43,D64,S
2074,1,2,"Bennett, Mrs. Morgan 74",female,48.73,1,0,SYN-00074,25.9035,F24,S
2075,0,3,"Carter, Mrs. Taylor 75",female,44.73,1,0,SYN-00075,7.3593,,C
2076,1,2,"Davis, Mrs. Jordan 76",female,3.6,0,1,SYN-00076,15.5796,,S
2077,1,3,"Evans, Mrs. Casey 77",female,11.36,1,1,SYN-00077,4.5984,E20,S
2078,0,2,"Foster, Mr. Riley 78",male,,0,1,SYN-00078,17.0879,E105,C
2079,1,2,"Green, Mr. Avery 79",male,,1,0,SYN-00079,26.9909,,S
2080,0,3,"Hall, Mr. Jamie 80",male,11.16,0,0,SYN-00080,9.6434,,C
2081,0,2,"Anderson, Mr. Alex 81",male,26.84,0,0,SYN-00081,10.9253,,C
2082,0,2,"Bennett, Mr. Morgan 82",male,34.26,0,0,SYN-00082,8.6544,,C
2083,0,3,"Carter, Mr. Taylor 83",male,14.07,1,0,SYN-00083,31.9477,,S
2084,1,1,"Davis, Mrs. Jordan 84",female,11.35,0,0,SYN-00084,83.7079,,S
2085,0,2,"Evans, Mrs. Casey 85",female,28.68,0,0,SYN-00085,12.7113,,C
2086,1,3,"Foster, Mrs. Riley 86",female,,0,0,SYN-00086,12.8915,,S
2087,0,2,"Green, Mr. Avery 87",male,44.86,0,0,SYN-00087,66.672,,S
2088,0,3,"Hall, Mr. Jamie 88",male,38.5,0,1,SYN-00088,14.0671,,S
2089,1,2,"Anderson, Mrs. Alex 89",female,31.03,0,1,SYN-00089,4.3182,,S
2090,0,3,"Bennett, Mr. Morgan 90",male,19.55,0,0,SYN-00090,,,S
2091,1,3,"Carter, Mrs. Taylor 91",female,15.01,0,2,SYN-00091,3.6165,F62,Q
2092,1,3,"Davis, Mr. Jordan 92",male,22.85,0,0,SYN-00092,8.9288,,S
2093,0,3,"Evans, Mr. Casey 93",male,35.74,0,0,SYN-00093,5.3613,,S
2094,0,1,"Foster, Mr. Riley 94",male,34.71,0,0,SYN-00094,46.595,,Q
2095,0,3,"Green, Mrs. Avery 95",female,0.6,0,1,SYN-00095,11.6932,,S
2096,1,1,"Hall, Mr. Jamie 96",male,19.0,0,0,SYN-00096,22.4083,,S
2097,1,3,"Anderson, Mr. Alex 97",male,46.86,0,0,SYN-00097,9.5158,,S
2098,1,3,"Bennett, Mrs. Morgan 98",female,,1,0,SYN-00098,18.7956,,S
2099,1,2,"Carter, Mrs. Taylor 99",female,10.1,1,0,SYN-00099,12.578,F140,S
2100,0,3,"Davis, Mr. Jordan 100",male,62.98,0,0,SYN-00100,4.6549,D148,S
2101,1,1,"Evans, Mr. Casey 101",male,29.59,0,1,SYN-00101,64.8371,,S
2102,1,3,"Foster, Mr. Riley 102",male,,0,0,SYN-00102,8.302,,S
2103,0,3,"Green, Mrs. Avery 103",female,35.59,0,0,SYN-00103,7.2081,,S
2104,0,1,"Hall, Mr. Jamie 104",male,24.85,0,0,SYN-00104,36.4122,,S
2105,0,3,"Anderson, Mr. Alex 105",male,19.81,0,0,SYN-00105,13.305,D5,S
2106,0,3,"Bennett, Mr. Morgan 106",male,59.7,1,0,SYN-00106,13.8735,,S
2107,1,1,"Carter, Mr. Taylor 107",male,44.04,1,3,SYN-00107,38.9543,,S
2108,1,3,"Davis, Mrs. Jordan 108",female,41.51,0,0,SYN-00108,6.005,,C
2109,1,2,"Evans, Mrs. Casey 109",female,38.07,2,0,SYN-00109,21.5592,,S
2110,0,3,"Foster, Mr. Riley 110",male,15.95,0,0,SYN-00110,5.8817,,C
2111,0,1,"Green, Mr. Avery 111",male,47.89,0,1,SYN-00111,77.2278,,S
2112,1,3,"Hall, Mrs. Jamie 112",female,,0,0,SYN-00112,22.4213,,S
2113,1,3,"Anderson, Mrs. Alex 113",female,33.97,0,0,SYN-00113,9.6763,D105,S
2114,1,1,"Bennett, Mr. Morgan 114",male,7.05,0,0,SYN-00114,35.9097,B107,S
2115,1,2,"Carter, Mrs. Taylor 115",female,1.43,0,1,SYN-00115,24.8135,F79,S
2116,0,3,"Davis, Mr. Jordan 116",male,,1,0,SYN-00116,9.0691,,C
2117,1,3,"Evans, Mr. Casey 117",male,18.67,0,0,SYN-00117,9.2073,,C
2118,1,2,"Foster, Mr. Riley 118",male,2.15,0,1,SYN-00118,25.9757,,Q
2119,1,1,"Green, Mr. Avery 119",male,,1,0,SYN-00119,102.3671,,Q
2120,0,1,"Hall, Mr. Jamie 120",male,59.68,0,0,SYN-00120,71.3803,G2,S
2121,0,3,"Anderson, Mr. Alex 121",male,49.45,1,0,SYN-00121,9.6718,E120,S
2122,0,3,"Bennett, Mr. Morgan 122",male,,1,1,SYN-00122,31.1101,,S
2123,0,3,"Carter, Mrs. Taylor 123",female,30.12,0,1,SYN-00123,19.3538,,S
2124,1,3,"Davis, Mr. Jordan 124",male,42.43,1,0,SYN-00124,15.8162,,
2125,0,3,"Evans, Mrs. Casey 125",female,45.71,1,1,SYN-00125,10.7483,,S
2126,1,1,"Foster, Mr. Riley 126",male,25.19,1,1,SYN-00126,40.2591,,S
2127,1,1,"Green, Mrs. Avery 127",female,30.48,2,0,SYN-00127,130.1331,,
2128,1,3,"Hall, Mrs. Jamie 128",female,,0,0,SYN-00128,10.826,,C
2129,0,3,"Anderson, Mrs. Alex 129",female,37.75,0,0,SYN-00129,7.2801,,S
2130,1,2,"Bennett, Mr. Morgan 130",male,28.14,0,1,SYN-00130,17.4966,B11,C
2131,0,2,"Carter, Mrs. Taylor 131",female,,0,0,SYN-00131,11.7556,,S
2132,0,3,"Davis, Mr. Jordan 132",male,49.32,0,0,SYN-00132,17.8877,,S
2133,1,2,"Evans, Mr. Casey 133",male,46.93,0,0,SYN-00133,29.1193,D3,S
2134,0,1,"Foster, Mrs. Riley 134",female,,0,0,SYN-00134,77.3541,B152,C
2135,0,3,"Green, Mr. Avery 135",male,54.07,0,1,SYN-00135,9.7674,,C
2136,0,2,"Hall, Mrs. Jamie 136",female,24.59,1,0,SYN-00136,13.7545,C76,S
2137,0,3,"Anderson, Mr. Alex 137",male,52.72,0,0,SYN-00137,3.0989,,S
2138,0,1,"Bennett, Mr. Morgan 138",male,37.6,2,0,SYN-00138,32.1813,,S
2139,0,1,"Carter, Mr. Taylor 139",male,75.79,0,0,SYN-00139,46.5273,,S
2140,1,3,"Davis, Mrs. Jordan 140",female,13.31,0,1,SYN-00140,6.1193,E35,S
2141,0,2,"Evans, Mr. Casey 141",male,20.35,2,1,SYN-00141,23.4502,,S
2142,1,3,"Foster, Mr. Riley 142",male,35.86,1,0,SYN-00142,15.6255,,S
2143,1,1,"Green, Mr. Avery 143",male,35.56,0,3,SYN-00143,65.2257,,C
2144,1,3,"Hall, Mr. Jamie 144",male,57.3,2,2,SYN-00144,21.7038,,C
2145,0,3,"Anderson, Mr. Alex 145",male,,0,0,SYN-00145,6.5012,A45,C
2146,1,3,"Bennett, Mrs. Morgan 146",female,,0,1,SYN-00146,9.2817,,Q
2147,1,1,"Carter, Mrs. Taylor 147",female,46.27,1,1,SYN-00147,68.0643,,Q
2148,0,2,"Davis, Mr. Jordan 148",male,39.87,1,1,SYN-00148,36.468,,S
2149,0,2,"Evans, Mr. Casey 149",male,2.98,1,0,SYN-00149,21.1993,,S
2150,1,3,"Foster, Mrs. Riley 150",female,49.71,0,0,SYN-00150,10.7623,,S
2151,0,2,"Green, Mr. Avery 151",male,47.21,3,0,SYN-00151,8.0492,,C
2152,1,1,"Hall, Mr. Jamie 152",male,38.39,1,1,SYN-00152,42.6722,,S
2153,1,2,"Anderson, Mrs. Alex 153",female,,0,1,SYN-00153,36.5436,B64,S
2154,0,2,"Bennett, Mr. Morgan 154",male,33.17,0,0,SYN-00154,6.3872,,S
2155,0,2,"Carter, Mrs. Taylor 155",female,28.9,0,0,SYN-00155,41.862,,S
2156,1,1,"Davis, Mr. Jordan 156",male,38.97,0,0,SYN-00156,92.1401,,S
2157,1,2,"Evans, Mrs. Casey 157",female,30.44,0,1,SYN-00157,13.2579,,C
2158,1,3,"Foster, Mr. Riley 158",male,18.12,0,2,SYN-00158,6.3278,,S
2159,1,2,"Green, Mr. Avery 159",male,15.32,0,1,SYN-00159,56.7416,E133,C
2160,1,2,"Hall, Mr. Jamie 160",male,19.47,0,0,SYN-00160,43.4671,D1,S
2161,1,3,"Anderson, Mrs. Alex 161",female,33.11,0,0,SYN-00161,9.3642,,C
2162,0,3,"Bennett, Mr. Morgan 162",male,5.52,1,0,SYN-00162,10.7683,E102,S
2163,1,2,"Carter, Mrs. Taylor 163",female,33.01,0,0,SYN-00163,14.0179,B87,S
2164,0,3,"Davis, Mrs. Jordan 164",female,37.01,3,0,SYN-00164,10.7695,,Q
2165,0,3,"Evans, Mr. Casey 165",male,21.22,1,0,SYN-00165,6.9029,,Q
2166,0,3,"Foster, Mr. Riley 166",male,,2,0,SYN-00166,9.5772,,C
2167,0,3,"Green, Mr. Avery 167",male,26.25,2,0,SYN-00167,27.0657,C90,Q
2168,0,3,"Hall, Mr. Jamie 168",male,23.93,1,0,SYN-00168,9.4877,C128,S
2169,1,1,"Anderson, Mrs. Alex 169",female,,0,1,SYN-00169,39.3338,,S
2170,0,2,"Bennett, Mr. Morgan 170",male,4.29,1,0,SYN-00170,9.4331,,S
2171,1,3,"Carter, Mrs. Taylor 171",female,,2,2,SYN-00171,10.7242,,C
2172,0,3,"Davis, Mr. Jordan 172",male,43.74,1,1,SYN-00172,6.5804,,C
2173,1,3,"Evans, Mrs. Casey 173",female,5.68,1,1,SYN-00173,11.4526,,Q
2174,0,1,"Foster, Mr. Riley 174",male,45.65,0,0,SYN-00174,28.725,,C
2175,1,3,"Green, Mrs. Avery 175",female,,0,0,SYN-00175,14.6175,,S
2176,1,1,"Hall, Mrs. Jamie 176",female,24.83,0,1,SYN-00176,39.0719,B49,S
2177,0,3,"Anderson, Mr. Alex 177",male,34.09,0,0,SYN-00177,10.2579,,S
2178,1,3,"Bennett, Mr. Morgan 178",male,45.67,0,0,SYN-00178,8.3022,,S
2179,0,3,"Carter, Mr. Taylor 179",male,15.11,1,1,SYN-00179,25.7311,D138,C
2180,1,3,"Davis, Mr. Jordan 180",male,,0,0,SYN-00180,10.9891,,S
2181,0,3,"Evans, Mr. Casey 181",male,11.62,1,0,SYN-00181,29.1541,,Q
2182,1,3,"Foster, Mr. Riley 182",male,23.31,0,1,SYN-00182,13.6126,,S
2183,0,3,"Green, Mr. Avery 183",male,18.81,0,1,SYN-00183,21.9016,,S
2184,0,3,"Hall, Mrs. Jamie 184",female,34.8,0,0,SYN-00184,8.9151,,C
2185,0,3,"Anderson, Mr. Alex 185",male,46.21,1,0,SYN-00185,12.0928,,S
2186,0,1,"Bennett, Mr. Morgan 186",male,27.42,1,0,SYN-00186,136.8314,,C
2187,0,3,"Carter, Mr. Taylor 187",male,12.2,2,0,SYN-00187,16.4498,,S
2188,1,1,"Davis, Mrs. Jordan 188",female,,0,0,SYN-00188,93.7416,F81,S
2189,1,3,"Evans, Mr. Casey 189",male,,0,1,SYN-00189,8.3497,D48,S
2190,1,3,"Foster, Mrs. Riley 190",female,55.82,0,0,SYN-00190,9.1638,E104,S
2191,1,2,"Green, Mr. Avery 191",male,35.51,0,0,SYN-00191,37.3916,C98,C
2192,1,1,"Hall, Mrs. Jamie 192",female,24.58,0,0,SYN-00192,146.7523,,Q
2193,1,2,"Anderson, Mrs. Alex 193",female,,2,0,SYN-00193,14.435,,C
2194,0,3,"Bennett, Mr. Morgan 194",male,,0,0,SYN-00194,6.6427,,S
2195,1,1,"Carter, Mrs. Taylor 195",female,24.7,0,0,SYN-00195,42.5731,,Q
2196,1,1,"Davis, Mrs. Jordan 196",female,6.32,0,0,SYN-00196,110.4796,C94,S
2197,1,3,"Evans, Mr. Casey 197",male,,1,1,SYN-00197,5.9977,,S
2198,1,3,"Foster, Mr. Riley 198",male,,0,1,SYN-00198,15.6781,,C
2199,0,1,"Green, Mrs. Avery 199",female,41.17,0,1,SYN-00199,94.5024,F33,C
2200,1,2,"Hall, Mrs. Jamie 200",female,,0,0,SYN-00200,14.8193,D107,Q
2201,0,3,"Anderson, Mr. Alex 201",male,10.3,0,1,SYN-00201,23.6345,,C
2202,0,3,"Bennett, Mr. Morgan 202",male,53.69,0,0,SYN-00202,4.4743,,S
2203,1,3,"Carter, Mr. Taylor 203",male,,1,1,SYN-00203,24.9115,,S
2204,1,2,"Davis, Mrs. Jordan 204",female,20.48,1,0,SYN-00204,23.8342,,S
2205,1,2,"Evans, Mrs. Casey 205",female,,1,0,SYN-00205,6.3938,,S
2206,1,1,"Foster, Mrs. Riley 206",female,35.79,0,0,SYN-00206,168.0109,,S
2207,0,3,"Green, Mrs. Avery 207",female,2.58,2,1,SYN-00207,17.0696,,S
2208,1,1,"Hall, Mr. Jamie 208",male,7.97,0,0,SYN-00208,55.3114,,S
2209,1,1,"Anderson, Mrs. Alex 209",female,,2,0,SYN-00209,41.1778,E58,S
2210,1,3,"Bennett, Mr. Morgan 210",male,,0,2,SYN-00210,4.219,,C
2211,0,3,"Carter, Mr. Taylor 211",male,31.05,0,1,SYN-00211,37.7536,,S
2212,0,3,"Davis, Mr. Jordan 212",male,36.32,0,1,SYN-00212,6.0178,,S
2213,1,3,"Evans, Mrs. Casey 213",female,26.34,0,0,SYN-00213,4.9909,,S
2214,0,3,"Foster, Mr. Riley 214",male,20.77,0,0,SYN-00214,11.5877,,S
2215,0,2,"Green, Mr. Avery 215",male,,1,2,SYN-00215,8.1246,,S
2216,1,2,"Hall, Mr. Jamie 216",male,27.37,1,0,SYN-00216,11.6567,,S
2217,1,3,"Anderson, Mrs. Alex 217",female,23.79,1,0,SYN-00217,17.2846,,Q
2218,1,2,"Bennett, Mrs. Morgan 218",female,45.35,0,0,SYN-00218,25.8174,,C
2219,1,3,"Carter, Mr. Taylor 219",male,19.89,0,0,SYN-00219,8.0856,,S
2220,0,3,"Davis, Mr. Jordan 220",male,5.31,0,0,SYN-00220,10.1012,,S
2221,0,3,"Evans, Mrs. Casey 221",female,30.14,0,0,SYN-00221,7.8399,,S
2222,1,1,"Foster, Mr. Riley 222",male,30.0,0,0,SYN-00222,67.6533,,S
2223,0,2,"Green, Mr. Avery 223",male,33.63,0,1,SYN-00223,13.1541,,S
2224,1,1,"Hall, Mr. Jamie 224",male,59.28,0,0,SYN-00224,50.8746,,Q
2225,1,2,"Anderson, Mrs. Alex 225",female,34.71,2,0,SYN-00225,14.2943,,S
2226,1,2,"Bennett, Mr. Morgan 226",male,0.17,1,0,SYN-00226,13.4168,,S
2227,1,1,"Carter, Mrs. Taylor 227",female,8.42,0,0,SYN-00227,124.2936,,C
2228,0,3,"Davis, Mr. Jordan 228",male,,1,1,SYN-00228,15.274,,S
2229,0,3,"Evans, Mr. Casey 229",male,30.61,0,0,SYN-00229,5.9882,,S
2230,1,3,"Foster, Mrs. Riley 230",female,33.44,0,1,SYN-00230,5.1845,,S
2231,1,1,"Green, Mrs. Avery 231",female,29.6,0,0,SYN-00231,64.1994,,S
2232,0,1,"Hall, Mr. Jamie 232",male,29.26,1,1,SYN-00232,229.0415,,S
2233,1,2,"Anderson, Mr. Alex 233",male,38.58,0,0,SYN-00233,11.3645,,Q
2234,0,1,"Bennett, Mr. Morgan 234",male,22.41,0,2,SYN-00234,64.0601,,S
2235,1,2,"Carter, Mr. Taylor 235",male,16.73,0,0,SYN-00235,21.0001,,C
2236,0,3,"Davis, Mr. Jordan 236",male,,0,1,SYN-00236,9.42,,S
2237,1,1,"Evans, Mr. Casey 237",male,19.98,2,0,SYN-00237,54.4063,,C
2238,0,1,"Foster, Mr. Riley 238",male,31.4,1,0,SYN-00238,132.1304,,S
2239,1,3,"Green, Mrs. Avery 239",female,9.06,0,1,SYN-00239,12.8396,,S
2240,1,3,"Hall, Mrs. Jamie 240",female,31.63,0,0,SYN-00240,15.9232,,S
2241,0,3,"Anderson, Mr. Alex 241",male,16.93,0,0,SYN-00241,13.8287,B159,S
2242,0,2,"Bennett, Mr. Morgan 242",male,,2,0,SYN-00242,32.7009,,S
2243,0,3,"Carter, Mrs. Taylor 243",female,44.63,0,1,SYN-00243,23.9031,,S
2244,0,1,"Davis, Mr. Jordan 244",male,36.61,1,0,SYN-00244,,,C
2245,0,2,"Evans, Mr. Casey 245",male,37.96,0,1,SYN-00245,71.8352,B66,S
2246,0,3,"Foster, Mr. Riley 246",male,5.2,3,0,SYN-00246,19.5333,,S
2247,1,3,"Green, Mr. Avery 247",male,55.72,0,0,SYN-00247,6.9198,,Q
2248,1,2,"Hall, Mr. Jamie 248",male,13.31,0,1,SYN-00248,31.8728,,S
2249,0,3,"Anderson, Mr. Alex 249",male,,1,1,SYN-00249,14.7807,,S
2250,1,1,"Bennett, Mr. Morgan 250",male,44.3,0,0,SYN-00250,201.272,,C
2251,0,1,"Carter, Mr. Taylor 251",male,38.08,0,0,SYN-00251,41.1226,,C
2252,1,1,"Davis, Mr. Jordan 252",male,18.03,1,1,SYN-00252,95.1418,,S
2253,1,3,"Evans, Mr. Casey 253",male,32.12,1,0,SYN-00253,6.8757,E121,S
2254,0,2,"Foster, Mrs. Riley 254",female,23.41,1,1,SYN-00254,26.5129,,S
2255,1,3,"Green, Mrs. Avery 255",female,,0,0,SYN-00255,8.886,G67,S
2256,1,1,"Hall, Mr. Jamie 256",male,26.5,0,0,SYN-00256,91.1223,,C
2257,0,3,"Anderson, Mr. Alex 257",male,1.46,0,0,SYN-00257,4.6039,C118,Q
2258,1,3,"Bennett, Mrs. Morgan 258",female,,0,1,SYN-00258,,B94,S
2259,1,1,"Carter, Mrs. Taylor 259",female,28.86,1,1,SYN-00259,78.4003,,S
2260,1,1,"Davis, Mr. Jordan 260",male,,0,0,SYN-00260,76.1116,,C
2261,1,1,"Evans, Mrs. Casey 261",female,22.16,1,2,SYN-00261,204.6131,,S
2262,1,3,"Foster, Mr. Riley 262",male,35.02,0,1,SYN-00262,,,
2263,1,1,"Green, Mrs. Avery 263",female,17.49,1,1,SYN-00263,84.4991,,S
2264,1,3,"Hall, Mrs. Jamie 264",female,0.17,0,0,SYN-00264,10.567,,S
2265,0,2,"Anderson, Mr. Alex 265",male,35.7,1,0,SYN-00265,22.3015,,S
2266,1,3,"Bennett, Mrs. Morgan 266",female,,0,0,SYN-00266,33.9394,,Q
2267,1,3,"Carter, Mrs. Taylor 267",female,27.21,0,0,SYN-00267,10.3572,G109,S
2268,0,3,"Davis, Mrs. Jordan 268",female,13.93,0,0,SYN-00268,7.3198,C24,C
2269,0,3,"Evans, Mrs. Casey 269",female,31.25,0,0,SYN-00269,27.9826,,S
2270,1,1,"Foster, Mrs. Riley 270",female,9.5,1,0,SYN-00270,59.1021,G68,S
2271,1,3,"Green, Mrs. Avery 271",female,,1,0,SYN-00271,4.136,F31,S
2272,1,1,"Hall, Mrs. Jamie 272",female,19.49,1,0,SYN-00272,46.5735,,S
2273,1,3,"Anderson, Mrs. Alex 273",female,41.82,0,0,SYN-00273,5.0378,,S
2274,1,3,"Bennett, Mr. Morgan 274",male,7.61,0,0,SYN-00274,3.7158,B114,S
2275,0,3,"Carter, Mr. Taylor 275",male,23.73,0,1,SYN-00275,8.1901,,
2276,0,3,"Davis, Mr. Jordan 276",male,57.37,2,0,SYN-00276,9.6212,,S
2277,1,2,"Evans, Mrs. Casey 277",female,,0,0,SYN-00277,38.2836,,C
2278,0,2,"Foster, Mr. Riley 278",male,34.75,0,0,SYN-00278,28.2729,,Q
2279,0,2,"Green, Mr. Avery 279",male,24.82,1,0,SYN-00279,27.5731,C126,
2280,1,3,"Hall, Mr. Jamie 280",male,21.65,0,0,SYN-00280,6.1185,,S
2281,0,3,"Anderson, Mrs. Alex 281",female,0.17,1,0,SYN-00281,16.2696,F104,
2282,1,2,"Bennett, Mrs. Morgan 282",female,43.56,1,1,SYN-00282,42.9875,,S
2283,1,2,"Carter, Mrs. Taylor 283",female,8.99,0,0,SYN-00283,24.8472,,C
2284,0,2,"Davis, Mrs. Jordan 284",female,27.49,1,0,SYN-00284,25.2321,,S
2285,0,2,"Evans, Mr. Casey 285",male,28.08,0,0,SYN-00285,9.9757,A32,C
2286,0,1,"Foster, Mr. Riley 286",male,40.31,0,0,SYN-00286,125.0152,,S
2287,0,3,"Green, Mrs. Avery 287",female,8.23,0,1,SYN-00287,26.6301,,S
2288,0,3,"Hall, Mr. Jamie 288",male,21.74,2,0,SYN-00288,11.9438,,S
2289,1,1,"Anderson, Mr. Alex 289",male,14.09,2,0,SYN-00289,50.4811,F47,S
2290,1,3,"Bennett, Mrs. Morgan 290",female,54.8,0,0,SYN-00290,9.1476,,S
2291,0,3,"Carter, Mr. Taylor 291",male,42.26,0,1,SYN-00291,7.9356,,Q
2292,1,1,"Davis, Mrs. Jordan 292",female,0.17,0,0,SYN-00292,57.4117,E32,S
2293,1,1,"Evans, Mr. Casey 293",male,8.81,0,0,SYN-00293,99.9716,,S
2294,1,1,"Foster, Mrs. Riley 294",female,,1,1,SYN-00294,81.6303,G66,S
2295,0,1,"Green, Mr. Avery 295",male,23.39,0,3,SYN-00295,121.5907,G64,S
2296,1,3,"Hall, Mr. Jamie 296",male,8.31,1,0,SYN-00296,12.2629,,S
2297,1,3,"Anderson, Mr. Alex 297",male,57.23,0,0,SYN-00297,6.2173,,S
2298,1,1,"Bennett, Mr. Morgan 298",male,7.35,2,1,SYN-00298,53.1498,F103,C
2299,1,3,"Carter, Mr. Taylor 299",male,36.65,2,0,SYN-00299,7.3377,C8,C
2300,0,1,"Davis, Mr. Jordan 300",male,20.31,0,0,SYN-00300,63.1768,F142,S
2301,0,3,"Evans, Mr. Casey 301",male,40.11,1,2,SYN-00301,26.8342,A49,C
2302,1,3,"Foster, Mrs. Riley 302",female,24.67,0,0,SYN-00302,29.3056,B23,S
2303,0,2,"Green, Mr. Avery 303",male,26.03,2,1,SYN-00303,31.6856,,S
2304,1,1,"Hall, Mr. Jamie 304",male,38.55,1,1,SYN-00304,74.725,G87,Q
2305,0,3,"Anderson, Mr. Alex 305",male,6.82,2,0,SYN-00305,4.7288,,C
2306,1,3,"Bennett, Mr. Morgan 306",male,52.36,0,1,SYN-00306,11.2863,,S
2307,0,2,"Carter, Mr. Taylor 307",male,32.55,0,0,SYN-00307,12.9517,,S
2308,0,1,"Davis, Mr. Jordan 308",male,47.93,1,0,SYN-00308,171.6199,,S
2309,0,1,"Evans, Mrs. Casey 309",female,14.94,1,0,SYN-00309,28.9375,,S
2310,1,3,"Foster, Mrs. Riley 310",female,,0,1,SYN-00310,12.3549,,S
2311,0,3,"Green, Mr. Avery 311",male,13.73,1,0,SYN-00311,6.1827,F159,S
2312,0,3,"Hall, Mr. Jamie 312",male,33.5,0,0,SYN-00312,9.9478,F93,Q
2313,1,3,"Anderson, Mrs. Alex 313",female,,0,2,SYN-00313,14.4244,C154,S
2314,0,3,"Bennett, Mr. Morgan 314",male,6.29,0,1,SYN-00314,17.5432,,S
2315,0,3,"Carter, Mr. Taylor 315",male,15.8,0,1,SYN-00315,9.6717,,C
2316,0,2,"Davis, Mrs. Jordan 316",female,12.27,0,0,SYN-00316,30.3987,,C
2317,0,3,"Evans, Mr. Casey 317",male,29.32,1,1,SYN-00317,6.9464,,S
2318,1,2,"Foster, Mr. Riley 318",male,23.48,0,0,SYN-00318,22.8918,,S
2319,1,2,"Green, Mrs. Avery 319",female,20.4,0,0,SYN-00319,34.7072,,C
2320,1,3,"Hall, Mr. Jamie 320",male,8.93,0,1,SYN-00320,12.004,,Q
2321,1,3,"Anderson, Mr. Alex 321",male,9.64,1,0,SYN-00321,7.4741,,S
2322,0,3,"Bennett, Mr. Morgan 322",male,47.78,0,0,SYN-00322,8.5772,A119,S
2323,1,2,"Carter, Mrs. Taylor 323",female,22.53,0,1,SYN-00323,34.9648,,C
2324,0,3,"Davis, Mr. Jordan 324",male,33.43,2,0,SYN-00324,5.4853,,Q
2325,0,3,"Evans, Mr. Casey 325",male,29.22,1,0,SYN-00325,5.9489,,S
2326,1,1,"Foster, Mr. Riley 326",male,6.23,1,1,SYN-00326,97.4529,,S
2327,0,1,"Green, Mr. Avery 327",male,50.0,3,0,SYN-00327,54.9798,,C
2328,1,3,"Hall, Mr. Jamie 328",male,28.11,1,1,SYN-00328,4.497,,S
2329,0,1,"Anderson, Mr. Alex 329",male,40.45,0,0,SYN-00329,147.149,,S
2330,0,3,"Bennett, Mrs. Morgan 330",female,19.47,0,1,SYN-00330,,,S
2331,0,1,"Carter, Mr. Taylor 331",male,27.69,0,0,SYN-00331,62.7281,E30,S
2332,1,1,"Davis, Mrs. Jordan 332",female,,1,0,SYN-00332,49.7872,,C
2333,1,3,"Evans, Mr. Casey 333",male,47.3,0,2,SYN-00333,8.4897,,S
2334,0,1,"Foster, Mr. Riley 334",male,34.36,0,0,SYN-00334,43.0325,,C
2335,0,3,"Green, Mrs. Avery 335",female,,1,0,SYN-00335,14.812,,S
2336,1,3,"Hall, Mr. Jamie 336",male,,1,0,SYN-00336,10.6285,E39,C
2337,0,1,"Anderson, Mrs. Alex 337",female,46.19,1,0,SYN-00337,120.2418,A73,S
2338,0,3,"Bennett, Mr. Morgan 338",male,40.71,0,0,SYN-00338,7.1531,,S
2339,0,3,"Carter, Mrs. Taylor 339",female,,0,0,SYN-00339,32.322,,Q
2340,0,3,"Davis, Mr. Jordan 340",male,,0,0,SYN-00340,3.5079,,C
2341,0,3,"Evans, Mrs. Casey 341",female,15.95,0,0,SYN-00341,4.1819,F66,S
2342,0,3,"Foster, Mr. Riley 342",male,,0,0,SYN-00342,26.2268,B92,S
2343,0,3,"Green, Mr. Avery 343",male,32.39,0,0,SYN-00343,12.9787,,S
2344,0,2,"Hall, Mr. Jamie 344",male,,0,0,SYN-00344,24.1309,,Q
2345,1,3,"Anderson, Mr. Alex 345",male,,0,0,SYN-00345,12.677,C151,S
2346,0,3,"Bennett, Mr. Morgan 346",male,9.08,0,0,SYN-00346,13.6911,D159,Q
2347,1,3,"Carter, Mr. Taylor 347",male,29.26,1,0,SYN-00347,11.7924,,S
2348,1,3,"Davis, Mrs. Jordan 348",female,6.82,0,0,SYN-00348,5.8787,D66,S
2349,0,2,"Evans, Mr. Casey 349",male,37.4,1,1,SYN-00349,31.3664,G86,S
2350,0,3,"Foster, Mrs. Riley 350",female,35.29,0,1,SYN-00350,14.3817,,S
2351,1,3,"Green, Mr. Avery 351",male,,0,1,SYN-00351,21.938,,Q
2352,1,1,"Hall, Mrs. Jamie 352",female,8.79,0,0,SYN-00352,184.7175,,S
2353,0,1,"Anderson, Mr. Alex 353",male,,0,0,SYN-00353,83.953,,Q
2354,0,3,"Bennett, Mr. Morgan 354",male,41.45,0,0,SYN-00354,5.0908,,S
2355,1,3,"Carter, Mr. Taylor 355",male,10.43,0,0,SYN-00355,26.5087,,S
2356,1,3,"Davis, Mr. Jordan 356",male,16.53,0,0,SYN-00356,5.7122,,Q
2357,1,1,"Evans, Mr. Casey 357",male,34.66,1,1,SYN-00357,84.2995,,S
2358,0,2,"Foster, Mr. Riley 358",male,0.17,0,1,SYN-00358,17.3662,,S
2359,0,3,"Green, Mr. Avery 359",male,29.48,0,0,SYN-00359,7.8911,,S
2360,0,3,"Hall, Mr. Jamie 360",male,15.72,1,0,SYN-00360,15.2252,F114,S
2361,0,3,"Anderson, Mr. Alex 361",male,31.42,1,0,SYN-00361,11.4391,F24,C
2362,1,3,"Bennett, Mrs. Morgan 362",female,14.91,0,0,SYN-00362,13.2615,,S
2363,1,3,"Carter, Mrs. Taylor 363",female,35.94,1,2,SYN-00363,6.385,,S
2364,1,3,"Davis, Mrs. Jordan 364",female,,1,0,SYN-00364,9.087,,S
2365,0,3,"Evans, Mr. Casey 365",male,3.29,0,1,SYN-00365,6.5492,B99,S
2366,0,3,"Foster, Mr. Riley 366",male,30.09,0,0,SYN-00366,8.9629,,Q
2367,1,3,"Green, Mr. Avery 367",male,19.24,0,0,SYN-00367,9.3677,A34,C
2368,0,1,"Hall, Mr. Jamie 368",male,26.54,1,0,SYN-00368,193.0333,,S
2369,1,2,"Anderson, Mrs. Alex 369",female,11.18,0,0,SYN-00369,17.3409,,S
2370,1,3,"Bennett, Mr. Morgan 370",male,35.69,1,1,SYN-00370,3.1065,F26,S
2371,0,3,"Carter, Mr. Taylor 371",male,38.26,1,0,SYN-00371,21.5394,,C
2372,0,3,"Davis, Mrs. Jordan 372",female,64.57,1,1,SYN-00372,12.803,,S
2373,0,1,"Evans, Mr. Casey 373",male,21.29,2,0,SYN-00373,65.1335,,S
2374,1,3,"Foster, Mrs. Riley 374",female,26.25,1,2,SYN-00374,7.8626,,S
2375,1,1,"Green, Mrs. Avery 375",female,21.94,1,0,SYN-00375,41.5828,F122,Q
2376,0,3,"Hall, Mrs. Jamie 376",female,32.97,1,2,SYN-00376,29.0353,C25,S
2377,0,3,"Anderson, Mr. Alex 377",male,35.34,0,0,SYN-00377,10.2893,,S
2378,0,3,"Bennett, Mr. Morgan 378",male,29.25,0,0,SYN-00378,3.8452,,Q
2379,0,3,"Carter, Mr. Taylor 379",male,45.21,1,2,SYN-00379,11.9753,,Q
2380,1,2,"Davis, Mr. Jordan 380",male,21.36,1,0,SYN-00380,38.8274,,S
2381,1,2,"Evans, Mr. Casey 381",male,43.81,0,1,SYN-00381,21.797,,C
2382,1,3,"Foster, Mr. Riley 382",male,37.54,0,0,SYN-00382,6.0904,,S
2383,0,3,"Green, Mr. Avery 383",male,29.83,1,0,SYN-00383,5.7979,B108,S
2384,0,3,"Hall, Mr. Jamie 384",male,,1,0,SYN-00384,6.0379,,S
2385,0,2,"Anderson, Mr. Alex 385",male,63.97,1,1,SYN-00385,46.1845,,S
2386,1,1,"Bennett, Mr. Morgan 386",male,18.56,0,0,SYN-00386,67.2946,,S
2387,1,1,"Carter, Mr. Taylor 387",male,34.17,0,1,SYN-00387,27.8045,,S
2388,0,1,"Davis, Mr. Jordan 388",male,19.5,0,0,SYN-00388,86.4675,,S
2389,1,2,"Evans, Mrs. Casey 389",female,55.0,0,0,SYN-00389,21.6132,E64,C
2390,1,3,"Foster, Mr. Riley 390",male,42.42,0,1,SYN-00390,7.8122,,S
2391,0,3,"Green, Mr. Avery 391",male,20.5,0,0,SYN-00391,5.7051,,S
2392,1,1,"Hall, Mrs. Jamie 392",female,37.18,1,0,SYN-00392,38.9919,A106,S
2393,1,1,"Anderson, Mr. Alex 393",male,33.61,1,0,SYN-00393,127.2488,,S
2394,0,2,"Bennett, Mr. Morgan 394",male,22.77,0,1,SYN-00394,22.9167,,S
2395,1,3,"Carter, Mrs. Taylor 395",female,40.61,0,0,SYN-00395,13.0116,,S
2396,1,2,"Davis, Mr. Jordan 396",male,35.45,0,0,SYN-00396,22.882,,S
2397,0,3,"Evans, Mr. Casey 397",male,33.02,0,0,SYN-00397,11.9749,,S
2398,1,3,"Foster, Mrs. Riley 398",female,29.41,1,0,SYN-00398,7.7289,F92,C
2399,1,1,"Green, Mr. Avery 399",male,36.03,0,1,SYN-00399,62.5077,,C
2400,0,3,"Hall, Mr. Jamie 400",male,4.0,0,0,SYN-00400,18.9781,C136,S
2401,1,3,"Anderson, Mrs. Alex 401",female,,0,0,SYN-00401,21.7717,,
2402,1,2,"Bennett, Mr. Morgan 402",male,21.03,1,1,SYN-00402,10.2122,,S
2403,0,1,"Carter, Mr. Taylor 403",male,53.71,0,1,SYN-00403,62.4242,C80,C
2404,0,3,"Davis, Mrs. Jordan 404",female,15.29,0,0,SYN-00404,15.8662,,S
2405,0,3,"Evans, Mr. Casey 405",male,35.99,0,0,SYN-00405,28.1551,,S
2406,0,3,"Foster, Mr. Riley 406",male,,1,0,SYN-00406,26.6466,C8,S
2407,0,3,"Green, Mrs. Avery 407",female,,0,2,SYN-00407,6.4554,,S
2408,1,1,"Hall, Mr. Jamie 408",male,,2,0,SYN-00408,141.1426,,Q
2409,0,3,"Anderson, Mrs. Alex 409",female,19.71,0,0,SYN-00409,10.3278,,S
2410,1,3,"Bennett, Mr. Morgan 410",male,9.6,1,0,SYN-00410,17.7612,,S
2411,0,1,"Carter, Mr. Taylor 411",male,34.53,0,2,SYN-00411,107.9911,C120,S
2412,0,3,"Davis, Mr. Jordan 412",male,10.78,0,1,SYN-00412,4.9898,G25,S
2413,1,3,"Evans, Mrs. Casey 413",female,23.3,0,0,SYN-00413,13.5322,,S
2414,1,3,"Foster, Mr. Riley 414",male,0.17,3,0,SYN-00414,17.3869,,S
2415,0,2,"Green, Mrs. Avery 415",female,33.37,1,0,SYN-00415,19.7795,,S
2416,0,1,"Hall, Mrs. Jamie 416",female,13.89,1,2,SYN-00416,61.1311,,C
2417,0,3,"Anderson, Mrs. Alex 417",female,8.61,0,0,SYN-00417,4.213,,S
2418,0,3,"Bennett, Mr. Morgan 418",male,45.2,0,0,SYN-00418,14.5643,B143,S
2419,1,3,"Carter, Mrs. Taylor 419",female,,0,0,SYN-00419,11.2166,,S
2420,0,3,"Davis, Mr. Jordan 420",male,41.16,0,0,SYN-00420,6.0218,,C
2421,1,3,"Evans, Mr. Casey 421",male,20.19,0,1,SYN-00421,8.3593,,C
2422,1,2,"Foster, Mrs. Riley 422",female,52.42,0,0,SYN-00422,21.7738,,S
2423,1,1,"Green, Mrs. Avery 423",female,,0,0,SYN-00423,51.4827,,S
2424,1,1,"Hall, Mrs. Jamie 424",female,6.35,0,0,SYN-00424,70.1031,,S
2425,0,1,"Anderson, Mr. Alex 425",male,17.16,0,1,SYN-00425,26.7366,,S
2426,1,3,"Bennett, Mr. Morgan 426",male,38.48,0,0,SYN-00426,21.0051,,C
2427,1,1,"Carter, Mrs. Taylor 427",female,26.33,1,1,SYN-00427,70.6152,,C
2428,0,1,"Davis, Mr. Jordan 428",male,27.63,0,0,SYN-00428,38.2388,,S
2429,1,3,"Evans, Mrs. Casey 429",female,47.81,0,0,SYN-00429,2.5851,,C
2430,1,1,"Foster, Mr. Riley 430",male,19.52,1,1,SYN-00430,123.2876,,C
2431,1,1,"Green, Mr. Avery 431",male,31.28,0,1,SYN-00431,95.1491,,C
2432,0,3,"Hall, Mr. Jamie 432",male,43.36,0,0,SYN-00432,11.2286,,C
2433,1,2,"Anderson, Mr. Alex 433",male,41.33,2,1,SYN-00433,32.1605,,S
2434,1,3,"Bennett, Mr. Morgan 434",male,8.9,0,0,SYN-00434,16.0559,,Q
2435,1,3,"Carter, Mrs. Taylor 435",female,25.96,0,0,SYN-00435,11.1287,,S
2436,1,1,"Davis, Mrs. Jordan 436",female,5.66,0,0,SYN-00436,60.8662,,S
2437,1,3,"Evans, Mrs. Casey 437",female,15.21,3,0,SYN-00437,7.9499,A143,S
2438,0,3,"Foster, Mr. Riley 438",male,34.46,0,0,SYN-00438,12.6051,,C
2439,1,3,"Green, Mr. Avery 439",male,28.07,1,0,SYN-00439,21.5624,,S
2440,0,3,"Hall, Mr. Jamie 440",male,31.05,0,0,SYN-00440,9.4498,,S
2441,0,3,"Anderson, Mr. Alex 441",male,44.55,1,0,SYN-00441,22.5255,,C
2442,0,3,"Bennett, Mrs. Morgan 442",female,13.38,3,0,SYN-00442,12.2781,F19,S
2443,1,3,"Carter, Mr. Taylor 443",male,26.69,0,0,SYN-00443,12.3291,,S
2444,0,1,"Davis, Mrs. Jordan 444",female,32.64,0,0,SYN-00444,262.7769,,S
2445,0,3,"Evans, Mrs. Casey 445",female,,1,1,SYN-00445,24.8177,G23,S
2446,0,3,"Foster, Mr. Riley 446",male,50.04,1,0,SYN-00446,25.1742,,S
2447,1,3,"Green, Mr. Avery 447",male,42.72,0,0,SYN-00447,6.4488,C64,S
2448,1,2,"Hall, Mr. Jamie 448",male,34.06,0,0,SYN-00448,66.7819,,S
2449,1,1,"Anderson, Mrs. Alex 449",female,,1,0,SYN-00449,66.9052,,Q
2450,0,3,"Bennett, Mr. Morgan 450",male,,1,1,SYN-00450,8.8239,,C
2451,0,3,"Carter, Mrs. Taylor 451",female,29.89,0,0,SYN-00451,3.0496,,S
2452,1,2,"Davis, Mr. Jordan 452",male,35.13,0,1,SYN-00452,23.9314,,C
2453,1,2,"Evans, Mr. Casey 453",male,17.2,0,2,SYN-00453,11.0219,,
2454,0,2,"Foster, Mrs. Riley 454",female,34.21,0,0,SYN-00454,25.0349,,C
2455,0,3,"Green, Mrs. Avery 455",female,14.51,0,0,SYN-00455,5.2789,G146,S
2456,1,2,"Hall, Mrs. Jamie 456",female,,0,1,SYN-00456,53.7566,,S
2457,1,3,"Anderson, Mr. Alex 457",male,3.45,0,1,SYN-00457,13.5441,,S
2458,0,1,"Bennett, Mr. Morgan 458",male,33.81,1,0,SYN-00458,245.2859,,S
2459,1,2,"Carter, Mr. Taylor 459",male,4.06,0,0,SYN-00459,11.3938,B58,S
2460,0,2,"Davis, Mr. Jordan 460",male,16.46,0,0,SYN-00460,46.8889,,S
2461,0,3,"Evans, Mr. Casey 461",male,37.91,1,0,SYN-00461,3.7102,,S
2462,1,3,"Foster, Mrs. Riley 462",female,30.3,1,1,SYN-00462,,,S
2463,0,3,"Green, Mr. Avery 463",male,0.17,0,2,SYN-00463,7.0653,,S
2464,0,3,"Hall, Mrs. Jamie 464",female,47.4,1,0,SYN-00464,7.8163,,S
2465,0,2,"Anderson, Mr. Alex 465",male,31.91,0,0,SYN-00465,15.0542,,C
2466,1,3,"Bennett, Mr. Morgan 466",male,18.53,1,0,SYN-00466,6.0466,,S
2467,1,1,"Carter, Mr. Taylor 467",male,43.93,1,3,SYN-00467,35.0112,,S
2468,0,2,"Davis, Mr. Jordan 468",male,20.51,0,0,SYN-00468,15.6802,,S
2469,0,3,"Evans, Mrs. Casey 469",female,,1,0,SYN-00469,10.659,,S
2470,1,1,"Foster, Mr. Riley 470",male,35.02,3,1,SYN-00470,132.7579,,C
2471,0,3,"Green, Mr. Avery 471",male,54.93,2,0,SYN-00471,11.7638,,S
2472,1,3,"Hall, Mr. Jamie 472",male,52.73,0,0,SYN-00472,18.9951,,C
2473,1,3,"Anderson, Mrs. Alex 473",female,35.04,0,0,SYN-00473,4.4353,D133,Q
2474,1,3,"Bennett, Mrs. Morgan 474",female,36.47,1,0,SYN-00474,7.881,,S
2475,0,3,"Carter, Mrs. Taylor 475",female,,0,0,SYN-00475,14.7854,,S
2476,1,2,"Davis, Mrs. Jordan 476",female,12.4,3,2,SYN-00476,24.1549,,S
2477,0,1,"Evans, Mr. Casey 477",male,39.02,0,1,SYN-00477,43.5909,C18,S
2478,0,1,"Foster, Mr. Riley 478",male,19.72,0,1,SYN-00478,117.0069,,S
2479,0,3,"Green, Mr. Avery 479",male,,0,0,SYN-00479,7.4662,,S
2480,1,3,"Hall, Mr. Jamie 480",male,,1,0,SYN-00480,6.521,,S
2481,0,1,"Anderson, Mr. Alex 481",male,37.02,0,0,SYN-00481,91.4979,,S
2482,1,3,"Bennett, Mrs. Morgan 482",female,31.65,0,0,SYN-00482,10.034,,S
2483,0,3,"Carter, Mr. Taylor 483",male,0.17,0,1,SYN-00483,7.5006,,S
2484,1,3,"Davis, Mrs. Jordan 484",female,32.5,2,0,SYN-00484,7.3618,,S
2485,1,3,"Evans, Mrs. Casey 485",female,38.99,0,0,SYN-00485,5.5522,,C
2486,0,3,"Foster, Mr. Riley 486",male,36.24,0,1,SYN-00486,8.044,,S
2487,0,3,"Green, Mr. Avery 487",male,,0,0,SYN-00487,18.3126,A156,S
2488,1,3,"Hall, Mrs. Jamie 488",female,52.99,2,0,SYN-00488,11.4397,,S
2489,0,1,"Anderson, Mr. Alex 489",male,34.36,1,0,SYN-00489,118.5959,D107,C
2490,0,3,"Bennett, Mr. Morgan 490",male,36.13,0,0,SYN-00490,13.2822,,C
2491,1,1,"Carter, Mr. Taylor 491",male,44.62,0,0,SYN-00491,49.9868,,S
2492,1,3,"Davis, Mr. Jordan 492",male,35.08,0,0,SYN-00492,4.0372,,S
2493,0,1,"Evans, Mr. Casey 493",male,17.43,0,1,SYN-00493,42.0444,,S
2494,1,1,"Foster, Mrs. Riley 494",female,0.17,2,0,SYN-00494,48.3911,,S
2495,0,1,"Green, Mr. Avery 495",male,,1,0,SYN-00495,46.3757,,S
2496,0,2,"Hall, Mr. Jamie 496",male,40.65,0,2,SYN-00496,34.3051,,S
2497,1,2,"Anderson, Mr. Alex 497",male,13.24,0,0,SYN-00497,34.1088,,Q
2498,1,1,"Bennett, Mr. Morgan 498",male,,0,0,SYN-00498,236.2827,F105,S
2499,0,3,"Carter, Mr. Taylor 499",male,32.08,0,0,SYN-00499,6.5702,,S
2500,0,2,"Davis, Mr. Jordan 500",male,,2,1,SYN-00500,48.1504,,S
2501,1,3,"Evans, Mr. Casey 501",male,25.87,1,2,SYN-00501,23.9935,,S
2502,1,3,"Foster, Mr. Riley 502",male,36.55,1,2,SYN-00502,8.8008,,Q
2503,0,3,"Green, Mr. Avery 503",male,37.08,0,0,SYN-00503,12.9752,,Q
2504,1,1,"Hall, Mr. Jamie 504",male,,1,0,SYN-00504,138.5039,,S
2505,0,2,"Anderson, Mr. Alex 505",male,6.11,0,0,SYN-00505,19.3622,,C
2506,0,3,"Bennett, Mr. Morgan 506",male,23.58,0,0,SYN-00506,9.2773,,S
2507,0,1,"Carter, Mrs. Taylor 507",female,,0,0,SYN-00507,49.5737,,S
2508,0,2,"Davis, Mr. Jordan 508",male,51.64,0,0,SYN-00508,5.4614,,S
2509,0,3,"Evans, Mr. Casey 509",male,,0,0,SYN-00509,10.3952,,S
2510,1,3,"Foster, Mrs. Riley 510",female,5.32,1,0,SYN-00510,6.7677,,S
2511,1,2,"Green, Mrs. Avery 511",female,40.6,0,0,SYN-00511,11.0706,,S
2512,0,3,"Hall, Mr. Jamie 512",male,42.16,1,2,SYN-00512,12.6138,,S
2513,0,3,"Anderson, Mrs. Alex 513",female,24.96,1,0,SYN-00513,4.5013,,Q
2514,0,3,"Bennett, Mrs. Morgan 514",female,,0,1,SYN-00514,15.5791,,S
2515,1,1,"Carter, Mrs. Taylor 515",female,46.53,0,2,SYN-00515,91.3296,,S
2516,0,1,"Davis, Mrs. Jordan 516",female,56.47,0,0,SYN-00516,56.1703,,Q
2517,0,3,"Evans, Mrs. Casey 517",female,40.4,0,0,SYN-00517,9.6578,,S
2518,0,1,"Foster, Mr. Riley 518",male,30.62,0,0,SYN-00518,,B2,S
2519,1,3,"Green, Mrs. Avery 519",female,,1,0,SYN-00519,15.1087,,S
2520,0,2,"Hall, Mr. Jamie 520",male,37.8,1,1,SYN-00520,22.1709,,S
2521,0,3,"Anderson, Mr. Alex 521",male,28.38,0,0,SYN-00521,11.549,C9,S
2522,0,3,"Bennett, Mr. Morgan 522",male,32.65,1,0,SYN-00522,13.179,,S
2523,1,3,"Carter, Mrs. Taylor 523",female,15.19,0,0,SYN-00523,7.0235,C118,S
2524,0,3,"Davis, Mr. Jordan 524",male,,1,0,SYN-00524,4.3367,A155,S
2525,1,2,"Evans, Mrs. Casey 525",female,14.04,0,0,SYN-00525,33.8608,,C
2526,0,3,"Foster, Mr. Riley 526",male,23.95,1,0,SYN-00526,14.6052,,Q
2527,0,1,"Green, Mr. Avery 527",male,31.37,0,1,SYN-00527,52.146,,S
2528,1,3,"Hall, Mr. Jamie 528",male,57.87,2,0,SYN-00528,12.5234,E22,Q
2529,0,3,"Anderson, Mr. Alex 529",male,24.08,0,1,SYN-00529,19.9748,,C
2530,1,3,"Bennett, Mrs. Morgan 530",female,20.68,0,1,SYN-00530,18.7065,,Q
2531,0,3,"Carter, Mr. Taylor 531",male,22.29,0,1,SYN-00531,7.3307,,S
2532,1,3,"Davis, Mr. Jordan 532",male,53.22,1,0,SYN-00532,4.4095,,S
2533,1,1,"Evans, Mr. Casey 533",male,0.17,1,1,SYN-00533,33.9207,,S
2534,1,3,"Foster, Mr. Riley 534",male,15.96,1,1,SYN-00534,8.4244,,C
2535,1,3,"Green, Mrs. Avery 535",female,68.24,1,0,SYN-00535,22.3507,F60,S
2536,1,2,"Hall, Mrs. Jamie 536",female,38.27,1,0,SYN-00536,13.3978,,C
2537,0,3,"Anderson, Mr. Alex 537",male,14.52,2,1,SYN-00537,7.2038,,C
2538,1,2,"Bennett, Mrs. Morgan 538",female,29.41,0,0,SYN-00538,14.2454,,S
2539,1,2,"Carter, Mrs. Taylor 539",female,30.94,1,0,SYN-00539,14.9286,,S
2540,1,2,"Davis, Mr. Jordan 540",male,41.85,0,0,SYN-00540,19.8769,,Q
2541,1,1,"Evans, Mr. Casey 541",male,5.89,0,0,SYN-00541,34.6212,,S
2542,1,3,"Foster, Mr. Riley 542",male,,0,1,SYN-00542,18.1557,F140,S
2543,0,3,"Green, Mr. Avery 543",male,22.44,0,0,SYN-00543,9.2344,,Q
2544,0,3,"Hall, Mr. Jamie 544",male,,0,0,SYN-00544,39.0995,,S
2545,1,3,"Anderson, Mrs. Alex 545",female,20.22,1,0,SYN-00545,5.2442,,S
2546,0,2,"Bennett, Mr. Morgan 546",male,15.53,0,1,SYN-00546,47.95,,S
2547,1,3,"Carter, Mr. Taylor 547",male,5.36,2,0,SYN-00547,21.4951,,C
2548,1,1,"Davis, Mrs. Jordan 548",female,8.09,0,1,SYN-00548,55.8165,,S
2549,0,3,"Evans, Mr. Casey 549",male,17.45,1,1,SYN-00549,8.047,,S
2550,1,1,"Foster, Mr. Riley 550",male,13.25,0,0,SYN-00550,42.1731,G101,S
2551,1,3,"Green, Mr. Avery 551",male,34.39,0,1,SYN-00551,6.0629,,S
2552,1,3,"Hall, Mrs. Jamie 552",female,,1,0,SYN-00552,9.9967,,S
2553,1,3,"Anderson, Mrs. Alex 553",female,0.17,0,0,SYN-00553,10.1145,,S
2554,1,3,"Bennett, Mr. Morgan 554",male,7.19,2,0,SYN-00554,4.1425,,C
2555,1,2,"Carter, Mrs. Taylor 555",female,,1,1,SYN-00555,70.6092,,S
2556,1,3,"Davis, Mrs. Jordan 556",female,21.52,0,0,SYN-00556,8.6698,D153,C
2557,1,3,"Evans, Mrs. Casey 557",female,51.27,0,0,SYN-00557,10.3675,B91,Q
2558,0,3,"Foster, Mr. Riley 558",male,21.41,1,0,SYN-00558,7.0862,D47,S
2559,1,3,"Green, Mr. Avery 559",male,42.33,0,1,SYN-00559,8.6342,D22,S
2560,0,3,"Hall, Mr. Jamie 560",male,29.73,0,1,SYN-00560,8.2133,,S
2561,0,3,"Anderson, Mrs. Alex 561",female,29.41,1,0,SYN-00561,9.9839,,S
2562,1,2,"Bennett, Mrs. Morgan 562",female,,0,0,SYN-00562,19.8402,,S
2563,0,3,"Carter, Mr. Taylor 563",male,29.18,0,0,SYN-00563,15.5687,,S
2564,0,3,"Davis, Mr. Jordan 564",male,19.29,0,1,SYN-00564,11.3312,,S
2565,0,3,"Evans, Mr. Casey 565",male,32.38,2,0,SYN-00565,14.7308,A100,S
2566,0,3,"Foster, Mr. Riley 566",male,,0,1,SYN-00566,9.9462,,S
2567,0,2,"Green, Mr. Avery 567",male,16.78,1,0,SYN-00567,22.7126,F12,S
2568,1,3,"Hall, Mrs. Jamie 568",female,43.89,1,1,SYN-00568,,,S
2569,0,1,"Anderson, Mr. Alex 569",male,35.98,0,1,SYN-00569,121.5355,,S
2570,1,1,"Bennett, Mr. Morgan 570",male,23.73,0,0,SYN-00570,83.5911,,S
2571,0,3,"Carter, Mrs. Taylor 571",female,10.29,0,0,SYN-00571,9.1673,,S
2572,1,2,"Davis, Mr. Jordan 572",male,28.83,0,0,SYN-00572,18.0362,,S
2573,0,2,"Evans, Mr. Casey 573",male,17.85,1,1,SYN-00573,18.8338,D144,S
2574,0,2,"Foster, Mr. Riley 574",male,30.99,0,1,SYN-00574,20.3377,,S
2575,0,3,"Green, Mr. Avery 575",male,21.31,1,0,SYN-00575,9.6948,A101,S
2576,1,3,"Hall, Mr. Jamie 576",male,16.77,0,0,SYN-00576,7.3538,,Q
2577,0,3,"Anderson, Mr. Alex 577",male,7.28,0,0,SYN-00577,15.2302,,S
2578,0,1,"Bennett, Mr. Morgan 578",male,24.98,0,0,SYN-00578,110.3809,C68,S
2579,0,3,"Carter, Mr. Taylor 579",male,37.94,0,0,SYN-00579,26.6745,,S
2580,1,3,"Davis, Mrs. Jordan 580",female,,1,1,SYN-00580,7.1749,,C
2581,1,3,"Evans, Mr. Casey 581",male,65.29,0,0,SYN-00581,14.4274,,Q
2582,0,2,"Foster, Mr. Riley 582",male,42.4,1,0,SYN-00582,6.9986,,S
2583,0,2,"Green, Mrs. Avery 583",female,48.26,0,1,SYN-00583,31.5542,,S
2584,1,3,"Hall, Mr. Jamie 584",male,41.13,0,0,SYN-00584,4.4883,,S
2585,0,3,"Anderson, Mr. Alex 585",male,,2,0,SYN-00585,,,C
2586,0,3,"Bennett, Mr. Morgan 586",male,,1,0,SYN-00586,12.0048,,S
2587,1,3,"Carter, Mrs. Taylor 587",female,0.17,0,0,SYN-00587,7.1047,,C
2588,1,3,"Davis, Mrs. Jordan 588",female,23.75,0,0,SYN-00588,6.5896,,S
2589,1,3,"Evans, Mrs. Casey 589",female,37.82,0,0,SYN-00589,7.6594,E109,S
2590,1,2,"Foster, Mrs. Riley 590",female,32.12,0,0,SYN-00590,29.8751,C23,S
2591,0,3,"Green, Mr. Avery 591",male,33.86,1,1,SYN-00591,5.9864,,S
2592,0,3,"Hall, Mr. Jamie 592",male,48.49,1,0,SYN-00592,9.7065,,S
2593,1,1,"Anderson, Mrs. Alex 593",female,35.35,0,1,SYN-00593,56.8397,,C
2594,1,3,"Bennett, Mr. Morgan 594",male,41.18,0,0,SYN-00594,15.6979,,S
2595,1,2,"Carter, Mrs. Taylor 595",female,16.85,0,0,SYN-00595,31.8835,,S
2596,1,3,"Davis, Mrs. Jordan 596",female,14.66,0,0,SYN-00596,3.6444,,C
2597,1,1,"Evans, Mr. Casey 597",male,,0,0,SYN-00597,124.3755,,Q
2598,0,3,"Foster, Mr. Riley 598",male,31.41,2,0,SYN-00598,7.1468,F15,C
2599,1,2,"Green, Mr. Avery 599",male,21.27,0,1,SYN-00599,22.7757,F18,C
2600,1,3,"Hall, Mr. Jamie 600",male,21.3,0,0,SYN-00600,5.9666,,S
2601,1,3,"Anderson, Mr. Alex 601",male,20.91,1,0,SYN-00601,12.2645,,C
2602,0,2,"Bennett, Mr. Morgan 602",male,20.07,0,0,SYN-00602,81.3674,,S
2603,0,3,"Carter, Mr. Taylor 603",male,12.04,1,0,SYN-00603,10.7244,,Q
2604,0,3,"Davis, Mr. Jordan 604",male,8.99,0,0,SYN-00604,7.7653,D63,C
2605,0,3,"Evans, Mr. Casey 605",male,27.27,1,0,SYN-00605,8.8013,,S
2606,1,1,"Foster, Mr. Riley 606",male,21.7,0,0,SYN-00606,31.2035,,S
2607,1,3,"Green, Mr. Avery 607",male,45.5,0,1,SYN-00607,22.1872,,C
2608,1,1,"Hall, Mrs. Jamie 608",female,34.1,0,0,SYN-00608,83.1446,,S
2609,0,2,"Anderson, Mr. Alex 609",male,,1,0,SYN-00609,11.2328,,S
2610,1,3,"Bennett, Mr. Morgan 610",male,,1,0,SYN-00610,5.7179,C85,Q
2611,1,3,"Carter, Mr. Taylor 611",male,28.31,2,0,SYN-00611,10.0844,,S
2612,0,3,"Davis, Mr. Jordan 612",male,5.04,2,0,SYN-00612,16.6962,,S
2613,1,2,"Evans, Mr. Casey 613",male,40.03,0,0,SYN-00613,10.6195,,S
2614,0,3,"Foster, Mr. Riley 614",male,,1,2,SYN-00614,18.4481,,S
2615,0,3,"Green, Mrs. Avery 615",female,,2,0,SYN-00615,9.5085,,S
2616,1,3,"Hall, Mr. Jamie 616",male,30.11,2,0,SYN-00616,,,C
2617,0,3,"Anderson, Mr. Alex 617",male,41.1,0,0,SYN-00617,7.7319,,S
2618,1,1,"Bennett, Mrs. Morgan 618",female,23.14,0,1,SYN-00618,183.1307,,C
2619,1,1,"Carter, Mrs. Taylor 619",female,4.62,0,1,SYN-00619,32.6217,,C
2620,0,3,"Davis, Mrs. Jordan 620",female,33.76,0,0,SYN-00620,6.6862,,S
2621,0,3,"Evans, Mr. Casey 621",male,40.15,1,0,SYN-00621,16.8864,,C
2622,0,2,"Foster, Mr. Riley 622",male,38.05,1,0,SYN-00622,22.5286,,C
2623,1,2,"Green, Mr. Avery 623",male,35.91,1,0,SYN-00623,12.9429,,S
2624,1,1,"Hall, Mr. Jamie 624",male,25.12,0,0,SYN-00624,119.001,,S
2625,0,3,"Anderson, Mr. Alex 625",male,18.71,1,1,SYN-00625,17.4501,,S
2626,1,1,"Bennett, Mr. Morgan 626",male,,0,0,SYN-00626,83.9952,,S
2627,1,3,"Carter, Mr. Taylor 627",male,35.97,1,0,SYN-00627,7.1404,E54,S
2628,1,3,"Davis, Mrs. Jordan 628",female,22.15,0,0,SYN-00628,7.7719,C47,S
2629,0,1,"Evans, Mr. Casey 629",male,45.53,0,0,SYN-00629,81.8646,,Q
2630,0,3,"Foster, Mr. Riley 630",male,17.64,0,1,SYN-00630,4.8599,,C
2631,0,3,"Green, Mr. Avery 631",male,21.83,1,0,SYN-00631,20.7567,,C
2632,0,3,"Hall, Mr. Jamie 632",male,,2,0,SYN-00632,25.4751,G116,Q
2633,1,2,"Anderson, Mrs. Alex 633",female,42.16,0,0,SYN-00633,17.5659,,S
2634,0,2,"Bennett, Mr. Morgan 634",male,24.99,0,0,SYN-00634,24.3271,,S
2635,0,1,"Carter, Mrs. Taylor 635",female,34.02,1,1,SYN-00635,134.382,F18,S
2636,1,3,"Davis, Mrs. Jordan 636",female,32.17,0,2,SYN-00636,29.3163,,S
2637,0,3,"Evans, Mr. Casey 637",male,0.17,0,0,SYN-00637,23.5453,,S
2638,1,1,"Foster, Mr. Riley 638",male,17.31,0,2,SYN-00638,26.9491,,C
2639,0,2,"Green, Mr. Avery 639",male,29.29,0,0,SYN-00639,16.8134,,S
2640,1,3,"Hall, Mr. Jamie 640",male,25.01,0,0,SYN-00640,13.1703,,S
2641,1,1,"Anderson, Mr. Alex 641",male,33.46,0,2,SYN-00641,53.3394,F136,S
2642,0,2,"Bennett, Mr. Morgan 642",male,45.81,1,0,SYN-00642,53.3169,F113,S
2643,0,3,"Carter, Mrs. Taylor 643",female,25.5,0,0,SYN-00643,24.5017,B28,S
2644,1,2,"Davis, Mrs. Jordan 644",female,,2,1,SYN-00644,12.7684,,S
2645,1,2,"Evans, Mr. Casey 645",male,34.55,1,1,SYN-00645,18.2911,,C
2646,0,3,"Foster, Mr. Riley 646",male,,1,1,SYN-00646,6.6216,,Q
2647,0,1,"Green, Mrs. Avery 647",female,27.82,1,0,SYN-00647,62.8766,,S
2648,0,3,"Hall, Mr. Jamie 648",male,25.92,2,0,SYN-00648,8.8339,,S
2649,0,3,"Anderson, Mr. Alex 649",male,8.77,0,1,SYN-00649,16.9019,,S
2650,0,3,"Bennett, Mrs. Morgan 650",female,0.17,0,1,SYN-00650,6.1345,,S
2651,1,1,"Carter, Mr. Taylor 651",male,24.56,0,0,SYN-00651,16.598,,S
2652,0,3,"Davis, Mr. Jordan 652",male,,1,0,SYN-00652,4.1375,,S
2653,1,1,"Evans, Mr. Casey 653",male,,0,2,SYN-00653,39.7627,,S
2654,1,3,"Foster, Mrs. Riley 654",female,42.6,0,1,SYN-00654,6.9724,,S
2655,0,2,"Green, Mr. Avery 655",male,41.39,1,1,SYN-00655,22.1686,,S
2656,0,3,"Hall, Mrs. Jamie 656",female,29.33,1,0,SYN-00656,5.5218,,C
2657,0,1,"Anderson, Mr. Alex 657",male,26.21,0,0,SYN-00657,35.9594,,S
2658,0,1,"Bennett, Mrs. Morgan 658",female,,0,0,SYN-00658,41.9844,,S
2659,0,3,"Carter, Mr. Taylor 659",male,,0,1,SYN-00659,5.4139,,S
2660,0,1,"Davis, Mr. Jordan 660",male,,1,2,SYN-00660,51.6001,,C
2661,1,1,"Evans, Mrs. Casey 661",female,9.1,1,0,SYN-00661,50.3998,,S
2662,1,3,"Foster, Mr. Riley 662",male,1.78,0,0,SYN-00662,14.608,,S
2663,1,3,"Green, Mrs. Avery 663",female,,0,0,SYN-00663,5.8028,,S
2664,1,1,"Hall, Mrs. Jamie 664",female,12.78,1,1,SYN-00664,57.5018,,S
2665,1,3,"Anderson, Mrs. Alex 665",female,15.29,0,0,SYN-00665,7.4099,,C
2666,0,3,"Bennett, Mr. Morgan 666",male,5.52,0,0,SYN-00666,15.6031,,S
2667,0,3,"Carter, Mr. Taylor 667",male,42.13,1,0,SYN-00667,9.1865,B151,S
2668,0,3,"Davis, Mr. Jordan 668",male,33.5,1,0,SYN-00668,17.8226,,S
2669,1,3,"Evans, Mrs. Casey 669",female,,1,0,SYN-00669,5.3057,,S
2670,1,3,"Foster, Mr. Riley 670",male,9.99,1,0,SYN-00670,9.7321,,S
2671,1,3,"Green, Mrs. Avery 671",female,,0,1,SYN-00671,7.2852,,S
2672,0,3,"Hall, Mr. Jamie 672",male,21.48,0,0,SYN-00672,5.095,A104,S
2673,0,1,"Anderson, Mr. Alex 673",male,32.35,1,0,SYN-00673,67.4485,,Q
2674,1,2,"Bennett, Mr. Morgan 674",male,41.96,0,0,SYN-00674,51.8753,F86,S
2675,1,1,"Carter, Mr. Taylor 675",male,16.18,1,0,SYN-00675,43.7896,,S
2676,0,3,"Davis, Mr. Jordan 676",male,22.35,0,1,SYN-00676,9.323,,Q
2677,1,2,"Evans, Mr. Casey 677",male,32.51,2,0,SYN-00677,9.7182,D156,C
2678,0,3,"Foster, Mr. Riley 678",male,70.0,0,0,SYN-00678,4.4817,,S
2679,0,3,"Green, Mrs. Avery 679",female,34.22,0,0,SYN-00679,6.4857,,S
2680,0,3,"Hall, Mr. Jamie 680",male,52.49,1,0,SYN-00680,7.8076,,S
2681,1,1,"Anderson, Mrs. Alex 681",female,7.82,1,2,SYN-00681,56.0041,,C
2682,0,3,"Bennett, Mrs. Morgan 682",female,8.52,1,1,SYN-00682,8.831,,S
2683,0,3,"Carter, Mrs. Taylor 683",female,,0,0,SYN-00683,4.039,,Q
2684,0,1,"Davis, Mr. Jordan 684",male,8.14,0,1,SYN-00684,49.6116,,S
2685,0,3,"Evans, Mr. Casey 685",male,,0,0,SYN-00685,13.178,,S
2686,1,2,"Foster, Mrs. Riley 686",female,9.04,0,0,SYN-00686,9.4754,,S
2687,1,3,"Green, Mr. Avery 687",male,32.8,1,1,SYN-00687,8.2256,,S
2688,1,3,"Hall, Mr. Jamie 688",male,0.17,0,1,SYN-00688,11.7476,C44,S
2689,1,2,"Anderson, Mr. Alex 689",male,25.23,0,1,SYN-00689,13.007,,C
2690,0,1,"Bennett, Mr. Morgan 690",male,39.16,1,0,SYN-00690,84.4647,,S
2691,1,1,"Carter, Mrs. Taylor 691",female,,0,0,SYN-00691,30.3221,,Q
2692,1,1,"Davis, Mr. Jordan 692",male,,1,0,SYN-00692,114.1077,,S
2693,1,3,"Evans, Mrs. Casey 693",female,18.1,0,0,SYN-00693,12.2286,,S
2694,1,2,"Foster, Mrs. Riley 694",female,,1,0,SYN-00694,20.6218,C51,S
2695,1,1,"Green, Mr. Avery 695",male,29.0,2,0,SYN-00695,129.9494,,S
2696,0,3,"Hall, Mr. Jamie 696",male,,0,0,SYN-00696,8.3432,,S
2697,1,3,"Anderson, Mr. Alex 697",male,,0,1,SYN-00697,7.119,,C
2698,0,3,"Bennett, Mr. Morgan 698",male,47.18,0,0,SYN-00698,21.274,,S
2699,0,3,"Carter, Mr. Taylor 699",male,18.1,0,0,SYN-00699,27.5226,A87,S
2700,1,2,"Davis, Mrs. Jordan 700",female,,0,0,SYN-00700,13.6582,,S
2701,1,3,"Evans, Mrs. Casey 701",female,30.95,0,0,SYN-00701,9.3936,,S
2702,1,1,"Foster, Mrs. Riley 702",female,8.21,1,1,SYN-00702,,,S
2703,0,3,"Green, Mrs. Avery 703",female,11.53,2,0,SYN-00703,9.5793,,S
2704,0,3,"Hall, Mr. Jamie 704",male,6.63,1,0,SYN-00704,13.8683,,S
2705,1,3,"Anderson, Mrs. Alex 705",female,57.74,0,0,SYN-00705,15.3606,D106,Q
2706,0,3,"Bennett, Mr. Morgan 706",male,38.11,0,0,SYN-00706,7.3398,,S
2707,0,3,"Carter, Mr. Taylor 707",male,,2,1,SYN-00707,,,S
2708,0,2,"Davis, Mr. Jordan 708",male,0.17,1,0,SYN-00708,19.932,,S
2709,0,3,"Evans, Mr. Casey 709",male,40.26,0,1,SYN-00709,5.1208,,S
2710,1,3,"Foster, Mr. Riley 710",male,28.65,1,1,SYN-00710,5.8024,,C
2711,0,3,"Green, Mr. Avery 711",male,45.98,0,0,SYN-00711,6.9849,,C
2712,0,3,"Hall, Mr. Jamie 712",male,17.67,1,0,SYN-00712,16.6643,,C
2713,1,1,"Anderson, Mr. Alex 713",male,34.9,0,1,SYN-00713,118.7763,,C
2714,0,3,"Bennett, Mr. Morgan 714",male,41.85,1,0,SYN-00714,15.1052,,S
2715,1,1,"Carter, Mr. Taylor 715",male,23.74,1,0,SYN-00715,89.171,A2,S
2716,1,2,"Davis, Mrs. Jordan 716",female,24.03,1,1,SYN-00716,25.098,,S
2717,0,2,"Evans, Mr. Casey 717",male,30.35,0,0,SYN-00717,23.2985,,Q
2718,0,3,"Foster, Mrs. Riley 718",female,37.6,0,0,SYN-00718,12.5129,A31,C
2719,1,1,"Green, Mr. Avery 719",male,,0,0,SYN-00719,90.9168,,S
2720,0,1,"Hall, Mr. Jamie 720",male,43.64,0,0,SYN-00720,32.3322,,S
2721,1,1,"Anderson, Mr. Alex 721",male,23.53,2,0,SYN-00721,45.325,,S
2722,1,3,"Bennett, Mr. Morgan 722",male,11.4,1,0,SYN-00722,5.6784,,Q
2723,0,3,"Carter, Mrs. Taylor 723",female,,1,0,SYN-00723,18.3846,B44,S
2724,0,1,"Davis, Mr. Jordan 724",male,21.54,0,0,SYN-00724,173.86,C108,S
2725,1,1,"Evans, Mrs. Casey 725",female,22.04,1,0,SYN-00725,21.2322,F151,S
2726,1,3,"Foster, Mrs. Riley 726",female,29.08,0,0,SYN-00726,23.6469,,S
2727,1,2,"Green, Mrs. Avery 727",female,30.94,1,1,SYN-00727,20.9771,,S
2728,0,3,"Hall, Mrs. Jamie 728",female,24.59,1,0,SYN-00728,17.4542,,S
2729,0,2,"Anderson, Mr. Alex 729",male,29.76,4,0,SYN-00729,26.4244,,C
2730,1,3,"Bennett, Mr. Morgan 730",male,29.44,0,0,SYN-00730,22.0829,,S
2731,1,2,"Carter, Mrs. Taylor 731",female,32.45,2,0,SYN-00731,22.4455,,C
2732,1,3,"Davis, Mrs. Jordan 732",female,0.17,0,1,SYN-00732,4.7241,G61,S
2733,1,1,"Evans, Mrs. Casey 733",female,56.33,0,0,SYN-00733,66.0475,,S
2734,1,3,"Foster, Mr. Riley 734",male,27.94,0,1,SYN-00734,13.2792,,S
2735,1,3,"Green, Mrs. Avery 735",female,10.67,1,0,SYN-00735,8.88,,S
2736,0,3,"Hall, Mr. Jamie 736",male,10.71,0,0,SYN-00736,14.3584,,S
2737,1,3,"Anderson, Mrs. Alex 737",female,,0,1,SYN-00737,9.6451,,S
2738,1,1,"Bennett, Mrs. Morgan 738",female,20.59,0,0,SYN-00738,50.4491,,S
2739,1,3,"Carter, Mr. Taylor 739",male,50.58,1,2,SYN-00739,5.503,,S
2740,0,3,"Davis, Mr. Jordan 740",male,21.8,0,0,SYN-00740,8.0614,,C
2741,1,1,"Evans, Mrs. Casey 741",female,40.61,0,1,SYN-00741,78.3362,,S
2742,0,3,"Foster, Mrs. Riley 742",female,20.89,2,1,SYN-00742,3.4039,C77,S
2743,0,3,"Green, Mr. Avery 743",male,23.66,0,0,SYN-00743,6.5113,,S
2744,0,3,"Hall, Mrs. Jamie 744",female,,0,0,SYN-00744,3.3348,F113,S
2745,0,3,"Anderson, Mr. Alex 745",male,,0,0,SYN-00745,7.122,G55,C
2746,1,3,"Bennett, Mr. Morgan 746",male,3.54,1,1,SYN-00746,19.3194,,S
2747,1,3,"Carter, Mrs. Taylor 747",female,11.58,0,1,SYN-00747,5.2081,B81,Q
2748,1,2,"Davis, Mr. Jordan 748",male,2.74,0,0,SYN-00748,29.4434,G141,C
2749,0,2,"Evans, Mr. Casey 749",male,,0,0,SYN-00749,95.831,,S
2750,1,1,"Foster, Mr. Riley 750",male,,0,1,SYN-00750,155.7016,,S
2751,1,3,"Green, Mrs. Avery 751",female,7.4,0,0,SYN-00751,10.762,,S
2752,0,2,"Hall, Mrs. Jamie 752",female,19.72,0,0,SYN-00752,,,C
2753,0,2,"Anderson, Mrs. Alex 753",female,1.79,0,2,SYN-00753,9.416,,S
2754,1,2,"Bennett, Mr. Morgan 754",male,,0,0,SYN-00754,8.4178,,S
2755,1,1,"Carter, Mr. Taylor 755",male,46.81,1,0,SYN-00755,71.1136,,S
2756,1,3,"Davis, Mrs. Jordan 756",female,35.65,0,0,SYN-00756,12.4512,,C
2757,0,1,"Evans, Mrs. Casey 757",female,32.62,0,1,SYN-00757,127.7937,,S
2758,0,1,"Foster, Mr. Riley 758",male,,2,0,SYN-00758,51.1968,,S
2759,1,3,"Green, Mrs. Avery 759",female,8.49,1,1,SYN-00759,11.1223,,S
2760,1,2,"Hall, Mr. Jamie 760",male,14.05,0,0,SYN-00760,21.8291,G124,C
2761,0,2,"Anderson, Mr. Alex 761",male,,2,0,SYN-00761,18.6057,,Q
2762,1,2,"Bennett, Mrs. Morgan 762",female,,0,0,SYN-00762,19.2185,,S
2763,1,3,"Carter, Mrs. Taylor 763",female,42.63,0,0,SYN-00763,6.2495,,S
2764,1,2,"Davis, Mrs. Jordan 764",female,38.83,0,0,SYN-00764,23.3261,,S
2765,0,3,"Evans, Mr. Casey 765",male,19.67,1,0,SYN-00765,11.1324,E152,S
2766,1,3,"Foster, Mrs. Riley 766",female,30.34,2,0,SYN-00766,7.8505,,S
2767,0,3,"Green, Mrs. Avery 767",female,,0,1,SYN-00767,14.4221,,S
2768,1,2,"Hall, Mrs. Jamie 768",female,27.18,0,0,SYN-00768,35.1998,,C
2769,1,3,"Anderson, Mrs. Alex 769",female,58.52,1,0,SYN-00769,14.5144,,S
2770,1,3,"Bennett, Mr. Morgan 770",male,5.33,0,0,SYN-00770,5.6364,,S
2771,1,2,"Carter, Mrs. Taylor 771",female,26.71,1,0,SYN-00771,21.1267,,S
2772,1,3,"Davis, Mr. Jordan 772",male,46.96,0,0,SYN-00772,6.0575,,S
2773,1,2,"Evans, Mr. Casey 773",male,9.84,0,1,SYN-00773,21.0908,,S
2774,1,1,"Foster, Mr. Riley 774",male,,1,1,SYN-00774,42.4935,,S
2775,0,2,"Green, Mrs. Avery 775",female,22.59,0,0,SYN-00775,40.3734,A78,S
2776,1,1,"Hall, Mr. Jamie 776",male,26.87,0,0,SYN-00776,107.6976,G40,S
2777,0,2,"Anderson, Mr. Alex 777",male,17.0,0,0,SYN-00777,37.7082,,C
2778,1,3,"Bennett, Mrs. Morgan 778",female,,0,1,SYN-00778,17.8327,,C
2779,1,3,"Carter, Mr. Taylor 779",male,,1,1,SYN-00779,8.6172,,S
2780,0,1,"Davis, Mr. Jordan 780",male,37.12,0,0,SYN-00780,55.3906,B64,S
2781,1,3,"Evans, Mrs. Casey 781",female,17.81,0,0,SYN-00781,26.0634,,S
2782,0,3,"Foster, Mr. Riley 782",male,,0,0,SYN-00782,9.1319,,C
2783,1,1,"Green, Mr. Avery 783",male,17.41,1,0,SYN-00783,33.2308,,C
2784,0,2,"Hall, Mr. Jamie 784",male,25.34,1,0,SYN-00784,34.8077,,S
2785,0,1,"Anderson, Mr. Alex 785",male,60.15,2,0,SYN-00785,75.7601,,S
2786,0,1,"Bennett, Mr. Morgan 786",male,,2,1,SYN-00786,160.2547,,S
2787,0,2,"Carter, Mr. Taylor 787",male,13.37,0,0,SYN-00787,22.8595,,S
2788,1,2,"Davis, Mrs. Jordan 788",female,32.52,0,0,SYN-00788,19.7812,,S
2789,0,3,"Evans, Mr. Casey 789",male,,0,1,SYN-00789,23.149,G143,S
2790,0,1,"Foster, Mr. Riley 790",male,13.21,1,0,SYN-00790,30.0343,,
2791,1,1,"Green, Mrs. Avery 791",female,15.42,0,0,SYN-00791,50.7314,A46,S
2792,1,1,"Hall, Mr. Jamie 792",male,23.78,0,0,SYN-00792,42.9676,,S
2793,0,3,"Anderson, Mrs. Alex 793",female,43.12,1,0,SYN-00793,2.9901,,S
2794,1,2,"Bennett, Mrs. Morgan 794",female,38.1,1,3,SYN-00794,32.3295,,
2795,1,3,"Carter, Mrs. Taylor 795",female,12.52,0,1,SYN-00795,7.3596,,S
2796,1,1,"Davis, Mrs. Jordan 796",female,14.62,0,0,SYN-00796,115.1744,,S
2797,1,1,"Evans, Mrs. Casey 797",female,22.42,0,0,SYN-00797,86.7034,,C
2798,0,3,"Foster, Mrs. Riley 798",female,33.81,1,0,SYN-00798,13.9644,,S
2799,0,1,"Green, Mr. Avery 799",male,21.2,0,0,SYN-00799,54.4905,,S
2800,1,1,"Hall, Mr. Jamie 800",male,,0,2,SYN-00800,45.9778,,S
2801,1,1,"Anderson, Mr. Alex 801",male,36.18,1,0,SYN-00801,73.5425,E19,S
2802,1,3,"Bennett, Mrs. Morgan 802",female,25.12,0,0,SYN-00802,16.5788,,Q
2803,1,3,"Carter, Mr. Taylor 803",male,33.16,1,0,SYN-00803,9.7267,,S
2804,0,3,"Davis, Mr. Jordan 804",male,,0,0,SYN-00804,6.7973,,S
2805,1,3,"Evans, Mrs. Casey 805",female,27.59,1,0,SYN-00805,5.1713,,S
2806,1,1,"Foster, Mrs. Riley 806",female,46.51,1,0,SYN-00806,78.3186,,Q
2807,0,3,"Green, Mr. Avery 807",male,37.83,0,2,SYN-00807,7.3732,,C
2808,1,1,"Hall, Mrs. Jamie 808",female,9.46,1,1,SYN-00808,67.2918,,S
2809,0,3,"Anderson, Mr. Alex 809",male,14.57,0,0,SYN-00809,8.7693,,S
2810,0,2,"Bennett, Mr. Morgan 810",male,18.33,1,0,SYN-00810,15.6629,,S
2811,1,2,"Carter, Mrs. Taylor 811",female,18.03,0,0,SYN-00811,23.5076,,S
2812,0,3,"Davis, Mrs. Jordan 812",female,28.74,0,0,SYN-00812,13.5659,E91,S
2813,1,1,"Evans, Mr. Casey 813",male,38.61,1,0,SYN-00813,206.3139,,S
2814,0,3,"Foster, Mr. Riley 814",male,47.57,0,0,SYN-00814,15.1722,C109,S
2815,1,2,"Green, Mrs. Avery 815",female,34.31,0,1,SYN-00815,48.0507,,Q
2816,0,3,"Hall, Mr. Jamie 816",male,23.76,0,0,SYN-00816,6.3748,D23,S
2817,1,3,"Anderson, Mr. Alex 817",male,0.85,0,1,SYN-00817,4.1457,,S
2818,0,1,"Bennett, Mr. Morgan 818",male,30.99,1,0,SYN-00818,69.4466,,Q
2819,1,3,"Carter, Mr. Taylor 819",male,30.36,0,1,SYN-00819,16.0306,F64,S
2820,1,3,"Davis, Mrs. Jordan 820",female,32.56,0,0,SYN-00820,14.7055,,S
2821,1,3,"Evans, Mrs. Casey 821",female,59.49,0,0,SYN-00821,19.4694,,S
2822,0,1,"Foster, Mr. Riley 822",male,47.37,0,0,SYN-00822,17.3466,G145,S
2823,1,3,"Green, Mrs. Avery 823",female,40.99,1,1,SYN-00823,19.92,,S
2824,1,3,"Hall, Mr. Jamie 824",male,16.53,1,0,SYN-00824,12.0262,F8,S
2825,0,3,"Anderson, Mr. Alex 825",male,22.82,1,2,SYN-00825,4.2775,,S
2826,0,1,"Bennett, Mrs. Morgan 826",female,28.67,0,0,SYN-00826,104.2129,,S
2827,1,2,"Carter, Mr. Taylor 827",male,19.14,0,1,SYN-00827,21.954,,C
2828,0,3,"Davis, Mrs. Jordan 828",female,37.01,1,0,SYN-00828,12.3328,,S
2829,0,1,"Evans, Mr. Casey 829",male,35.0,0,0,SYN-00829,121.2683,,S
2830,1,3,"Foster, Mrs. Riley 830",female,,1,1,SYN-00830,12.67,,S
2831,0,3,"Green, Mr. Avery 831",male,,1,0,SYN-00831,4.4483,,S
2832,1,1,"Hall, Mr. Jamie 832",male,,0,1,SYN-00832,64.7045,,S
2833,1,1,"Anderson, Mr. Alex 833",male,5.79,0,0,SYN-00833,28.7544,,S
2834,0,3,"Bennett, Mr. Morgan 834",male,29.28,0,0,SYN-00834,14.2901,,S
2835,0,1,"Carter, Mr. Taylor 835",male,33.94,3,1,SYN-00835,151.015,,S
2836,0,3,"Davis, Mr. Jordan 836",male,43.62,0,1,SYN-00836,5.052,E20,S
2837,0,3,"Evans, Mr. Casey 837",male,,0,0,SYN-00837,6.9121,,Q
2838,0,3,"Foster, Mr. Riley 838",male,41.59,0,1,SYN-00838,6.1551,D17,S
2839,1,2,"Green, Mr. Avery 839",male,,1,0,SYN-00839,15.5815,D40,Q
2840,0,3,"Hall, Mr. Jamie 840",male,11.59,0,1,SYN-00840,12.5462,,S
2841,1,3,"Anderson, Mrs. Alex 841",female,10.19,0,0,SYN-00841,7.8373,G145,S
2842,0,1,"Bennett, Mr. Morgan 842",male,,1,1,SYN-00842,100.2219,,S
2843,1,3,"Carter, Mr. Taylor 843",male,,1,0,SYN-00843,17.9671,,C
2844,1,3,"Davis, Mr. Jordan 844",male,34.52,1,0,SYN-00844,18.3302,A86,S
2845,1,3,"Evans, Mrs. Casey 845",female,50.94,0,0,SYN-00845,5.4064,,Q
2846,1,3,"Foster, Mr. Riley 846",male,44.79,0,1,SYN-00846,21.4312,C38,S
2847,0,2,"Green, Mr. Avery 847",male,39.57,2,3,SYN-00847,44.7939,,S
2848,0,1,"Hall, Mr. Jamie 848",male,17.24,0,0,SYN-00848,164.4274,,C
2849,1,2,"Anderson, Mrs. Alex 849",female,,0,1,SYN-00849,18.3372,,Q
2850,1,1,"Bennett, Mr. Morgan 850",male,37.51,1,1,SYN-00850,46.2926,,C
2851,1,3,"Carter, Mrs. Taylor 851",female,,0,0,SYN-00851,5.8197,,S
2852,1,1,"Davis, Mrs. Jordan 852",female,20.64,1,0,SYN-00852,38.1878,E105,C
2853,0,3,"Evans, Mr. Casey 853",male,33.59,0,0,SYN-00853,10.0645,,S
2854,1,1,"Foster, Mr. Riley 854",male,6.61,0,0,SYN-00854,111.588,,C
2855,1,2,"Green, Mrs. Avery 855",female,39.8,0,0,SYN-00855,41.0315,,Q
2856,0,2,"Hall, Mr. Jamie 856",male,16.65,1,0,SYN-00856,15.3126,,S
2857,0,2,"Anderson, Mr. Alex 857",male,35.19,0,1,SYN-00857,19.5789,D115,S
2858,0,3,"Bennett, Mr. Morgan 858",male,,0,0,SYN-00858,9.4431,,S
2859,0,3,"Carter, Mr. Taylor 859",male,26.3,0,1,SYN-00859,7.0511,,Q
2860,1,3,"Davis, Mr. Jordan 860",male,19.4,1,1,SYN-00860,14.988,,C
2861,1,1,"Evans, Mr. Casey 861",male,27.74,0,2,SYN-00861,85.4611,,C
2862,1,3,"Foster, Mr. Riley 862",male,56.45,0,0,SYN-00862,10.8113,,Q
2863,0,1,"Green, Mr. Avery 863",male,49.39,0,0,SYN-00863,85.2479,D102,S
2864,0,3,"Hall, Mr. Jamie 864",male,34.96,0,0,SYN-00864,14.0284,,C
2865,1,3,"Anderson, Mrs. Alex 865",female,29.65,0,0,SYN-00865,13.9513,,S
2866,1,2,"Bennett, Mr. Morgan 866",male,41.82,1,0,SYN-00866,12.6109,,S
2867,0,1,"Carter, Mr. Taylor 867",male,,0,1,SYN-00867,114.6032,,S
2868,0,1,"Davis, Mr. Jordan 868",male,18.38,0,1,SYN-00868,80.5555,,S
2869,1,2,"Evans, Mrs. Casey 869",female,28.92,1,1,SYN-00869,15.7477,,S
2870,0,3,"Foster, Mrs. Riley 870",female,,1,0,SYN-00870,11.3749,E71,C
2871,1,3,"Green, Mr. Avery 871",male,,1,0,SYN-00871,12.086,,S
2872,0,3,"Hall, Mrs. Jamie 872",female,58.91,0,1,SYN-00872,18.13,D37,C
2873,0,1,"Anderson, Mr. Alex 873",male,31.12,0,0,SYN-00873,39.3742,,S
2874,1,3,"Bennett, Mr. Morgan 874",male,0.25,0,1,SYN-00874,20.7247,E14,C
2875,0,2,"Carter, Mr. Taylor 875",male,38.52,2,0,SYN-00875,20.2565,,S
2876,0,3,"Davis, Mr. Jordan 876",male,10.85,0,0,SYN-00876,7.5701,,C
2877,1,2,"Evans, Mr. Casey 877",male,20.71,0,0,SYN-00877,,,S
2878,1,2,"Foster, Mrs. Riley 878",female,38.77,0,0,SYN-00878,11.5303,,S
2879,0,3,"Green, Mr. Avery 879",male,33.56,1,0,SYN-00879,3.8385,,S
2880,0,1,"Hall, Mr. Jamie 880",male,,0,0,SYN-00880,101.6022,,S
2881,1,3,"Anderson, Mr. Alex 881",male,9.63,2,0,SYN-00881,29.7275,,S
2882,1,3,"Bennett, Mr. Morgan 882",male,31.76,0,2,SYN-00882,4.1078,G127,S
2883,0,1,"Carter, Mr. Taylor 883",male,24.27,1,0,SYN-00883,41.5028,,S
2884,0,3,"Davis, Mr. Jordan 884",male,14.47,0,0,SYN-00884,15.1191,,C
2885,1,3,"Evans, Mrs. Casey 885",female,25.34,0,1,SYN-00885,9.7521,,S
2886,0,3,"Foster, Mr. Riley 886",male,,1,1,SYN-00886,15.8238,,S
2887,1,3,"Green, Mr. Avery 887",male,,1,0,SYN-00887,9.4559,,S
2888,0,3,"Hall, Mrs. Jamie 888",female,10.21,1,1,SYN-00888,7.2662,,S
2889,1,3,"Anderson, Mrs. Alex 889",female,9.61,1,0,SYN-00889,8.8319,G79,S
2890,1,3,"Bennett, Mr. Morgan 890",male,0.17,0,0,SYN-00890,2.6978,,S
2891,0,3,"Carter, Mrs. Taylor 891",female,23.75,1,0,SYN-00891,5.3317,,
2892,0,2,"Davis, Mr. Jordan 892",male,,0,0,SYN-00892,33.6929,,S
2893,1,1,"Evans, Mrs. Casey 893",female,32.07,1,1,SYN-00893,134.8334,,S
2894,0,3,"Foster, Mrs. Riley 894",female,37.86,1,0,SYN-00894,21.671,,S
2895,0,1,"Green, Mr. Avery 895",male,45.77,1,0,SYN-00895,89.2082,,S
2896,0,2,"Hall, Mr. Jamie 896",male,,1,0,SYN-00896,5.7828,C46,S
2897,1,1,"Anderson, Mrs. Alex 897",female,38.21,0,1,SYN-00897,49.365,,C
2898,1,3,"Bennett, Mrs. Morgan 898",female,32.74,0,0,SYN-00898,20.721,,S
2899,1,1,"Carter, Mrs. Taylor 899",female,6.04,0,0,SYN-00899,170.9165,,S
2900,0,3,"Davis, Mr. Jordan 900",male,7.14,0,2,SYN-00900,21.1585,,S
2901,1,3,"Evans, Mr. Casey 901",male,,0,0,SYN-00901,8.7815,,Q
2902,1,3,"Foster, Mrs. Riley 902",female,,0,1,SYN-00902,4.8743,,S
2903,1,2,"Green, Mrs. Avery 903",female,35.46,1,0,SYN-00903,19.558,B31,S
2904,0,3,"Hall, Mr. Jamie 904",male,33.86,0,1,SYN-00904,10.0818,E80,C
2905,0,3,"Anderson, Mr. Alex 905",male,,0,0,SYN-00905,23.6567,,S
2906,1,3,"Bennett, Mr. Morgan 906",male,41.58,0,0,SYN-00906,11.3347,,S
2907,0,3,"Carter, Mr. Taylor 907",male,8.15,0,0,SYN-00907,10.0922,E85,S
2908,0,1,"Davis, Mrs. Jordan 908",female,,2,0,SYN-00908,72.8875,,S
2909,1,3,"Evans, Mrs. Casey 909",female,22.11,1,0,SYN-00909,12.4598,,C
2910,1,1,"Foster, Mrs. Riley 910",female,20.52,0,2,SYN-00910,98.794,,S
2911,1,3,"Green, Mr. Avery 911",male,36.0,1,0,SYN-00911,6.7133,,S
2912,1,3,"Hall, Mr. Jamie 912",male,45.08,0,0,SYN-00912,5.5895,,S
2913,1,2,"Anderson, Mr. Alex 913",male,25.19,1,0,SYN-00913,42.5015,,Q
2914,0,3,"Bennett, Mr. Morgan 914",male,40.93,0,0,SYN-00914,4.0553,,S
2915,0,1,"Carter, Mr. Taylor 915",male,30.7,0,1,SYN-00915,172.3033,,S
2916,0,3,"Davis, Mr. Jordan 916",male,17.5,1,0,SYN-00916,3.4963,G106,Q
2917,1,3,"Evans, Mrs. Casey 917",female,26.39,1,1,SYN-00917,7.2506,E80,S
2918,1,1,"Foster, Mrs. Riley 918",female,25.81,1,0,SYN-00918,119.464,,C
2919,1,1,"Green, Mrs. Avery 919",female,20.25,0,1,SYN-00919,70.0132,,C
2920,0,3,"Hall, Mr. Jamie 920",male,36.0,0,0,SYN-00920,4.8478,,S
2921,1,2,"Anderson, Mrs. Alex 921",female,33.29,1,0,SYN-00921,25.2864,,C
2922,1,3,"Bennett, Mr. Morgan 922",male,,1,0,SYN-00922,10.3754,,
2923,1,3,"Carter, Mr. Taylor 923",male,6.88,0,0,SYN-00923,8.8796,,S
2924,1,3,"Davis, Mr. Jordan 924",male,35.95,2,0,SYN-00924,7.0953,G49,S
2925,1,2,"Evans, Mrs. Casey 925",female,18.59,1,0,SYN-00925,19.6229,,C
2926,0,3,"Foster, Mrs. Riley 926",female,34.23,1,0,SYN-00926,7.2611,E16,S
2927,1,3,"Green, Mrs. Avery 927",female,40.93,0,1,SYN-00927,38.152,,S
2928,0,1,"Hall, Mr. Jamie 928",male,,0,1,SYN-00928,61.3433,,S
2929,0,2,"Anderson, Mr. Alex 929",male,6.5,0,1,SYN-00929,16.2837,,C
2930,1,1,"Bennett, Mr. Morgan 930",male,,0,0,SYN-00930,51.9663,,C
2931,1,2,"Carter, Mrs. Taylor 931",female,34.92,0,1,SYN-00931,53.1467,D140,Q
2932,0,3,"Davis, Mr. Jordan 932",male,24.13,1,0,SYN-00932,4.0597,,S
2933,1,3,"Evans, Mr. Casey 933",male,7.28,0,0,SYN-00933,12.1858,,Q
2934,1,3,"Foster, Mr. Riley 934",male,22.85,0,0,SYN-00934,8.7668,,S
2935,1,2,"Green, Mr. Avery 935",male,13.33,1,0,SYN-00935,9.1418,,S
2936,1,1,"Hall, Mrs. Jamie 936",female,42.37,0,0,SYN-00936,44.612,,S
2937,1,2,"Anderson, Mr. Alex 937",male,10.9,1,1,SYN-00937,23.8088,,S
2938,0,3,"Bennett, Mrs. Morgan 938",female,,1,0,SYN-00938,6.2163,,S
2939,0,3,"Carter, Mr. Taylor 939",male,11.36,1,0,SYN-00939,11.5345,,S
2940,1,2,"Davis, Mrs. Jordan 940",female,15.39,1,1,SYN-00940,51.7677,,S
2941,1,3,"Evans, Mrs. Casey 941",female,24.03,0,0,SYN-00941,10.9837,,S
2942,0,1,"Foster, Mr. Riley 942",male,0.17,0,0,SYN-00942,31.4709,G26,S
2943,0,2,"Green, Mrs. Avery 943",female,28.31,0,1,SYN-00943,12.5534,,S
2944,0,1,"Hall, Mr. Jamie 944",male,27.62,0,0,SYN-00944,59.8309,,S
2945,0,3,"Anderson, Mr. Alex 945",male,41.55,1,0,SYN-00945,8.2388,C7,S
2946,0,3,"Bennett, Mrs. Morgan 946",female,3.98,1,1,SYN-00946,10.872,,S
2947,1,3,"Carter, Mr. Taylor 947",male,46.27,2,0,SYN-00947,11.8749,C65,S
2948,1,1,"Davis, Mr. Jordan 948",male,41.49,0,0,SYN-00948,181.324,,Q
2949,0,1,"Evans, Mr. Casey 949",male,47.53,0,0,SYN-00949,69.8569,,Q
2950,1,3,"Foster, Mrs. Riley 950",female,29.26,0,0,SYN-00950,5.3062,,S
2951,1,2,"Green, Mr. Avery 951",male,,0,0,SYN-00951,,,S
2952,1,3,"Hall, Mrs. Jamie 952",female,9.4,0,0,SYN-00952,20.0303,,S
2953,0,3,"Anderson, Mrs. Alex 953",female,39.98,0,0,SYN-00953,11.3638,,C
2954,0,2,"Bennett, Mrs. Morgan 954",female,19.2,0,0,SYN-00954,17.4653,G76,S
2955,1,3,"Carter, Mr. Taylor 955",male,6.88,0,0,SYN-00955,14.0832,,Q
2956,0,3,"Davis, Mr. Jordan 956",male,14.26,0,0,SYN-00956,8.9039,,Q
2957,1,3,"Evans, Mr. Casey 957",male,30.08,0,0,SYN-00957,3.2283,A145,S
2958,0,3,"Foster, Mr. Riley 958",male,18.46,0,0,SYN-00958,13.633,F102,S
2959,1,3,"Green, Mr. Avery 959",male,35.27,1,0,SYN-00959,16.3352,G16,S
2960,1,2,"Hall, Mr. Jamie 960",male,4.68,0,1,SYN-00960,44.1826,,S
2961,0,3,"Anderson, Mr. Alex 961",male,0.22,0,0,SYN-00961,6.6904,F101,S
2962,1,1,"Bennett, Mr. Morgan 962",male,49.21,0,0,SYN-00962,79.2721,,C
2963,1,3,"Carter, Mrs. Taylor 963",female,42.65,0,2,SYN-00963,11.4601,F77,S
2964,1,3,"Davis, Mrs. Jordan 964",female,15.31,0,0,SYN-00964,10.4808,F64,C
2965,1,3,"Evans, Mr. Casey 965",male,29.96,1,2,SYN-00965,10.6521,,S
2966,1,3,"Foster, Mr. Riley 966",male,44.27,0,0,SYN-00966,10.2063,,S
2967,1,3,"Green, Mr. Avery 967",male,,1,0,SYN-00967,11.2352,C12,Q
2968,1,1,"Hall, Mrs. Jamie 968",female,,0,1,SYN-00968,105.2007,,C
2969,1,1,"Anderson, Mr. Alex 969",male,45.33,0,0,SYN-00969,136.9551,,S
2970,1,2,"Bennett, Mrs. Morgan 970",female,19.77,1,1,SYN-00970,13.1938,,S
2971,0,3,"Carter, Mrs. Taylor 971",female,11.05,1,0,SYN-00971,9.0959,,S
2972,0,2,"Davis, Mrs. Jordan 972",female,29.75,0,0,SYN-00972,15.852,,S
2973,1,2,"Evans, Mrs. Casey 973",female,26.18,1,0,SYN-00973,14.6525,,Q
2974,1,3,"Foster, Mr. Riley 974",male,,0,0,SYN-00974,4.1114,,S
2975,1,2,"Green, Mrs. Avery 975",female,31.02,0,0,SYN-00975,20.2682,E90,S
2976,1,2,"Hall, Mr. Jamie 976",male,,1,0,SYN-00976,26.0328,B92,C
2977,1,2,"Anderson, Mr. Alex 977",male,15.32,0,0,SYN-00977,18.3646,,S
2978,0,1,"Bennett, Mr. Morgan 978",male,41.23,1,0,SYN-00978,69.656,,C
2979,0,3,"Carter, Mr. Taylor 979",male,,1,1,SYN-00979,12.5878,D9,S
2980,1,2,"Davis, Mrs. Jordan 980",female,5.4,0,1,SYN-00980,43.4603,,S
2981,1,1,"Evans, Mr. Casey 981",male,25.87,1,0,SYN-00981,55.569,,S
2982,1,3,"Foster, Mr. Riley 982",male,35.01,0,1,SYN-00982,5.2498,,S
2983,1,3,"Green, Mr. Avery 983",male,0.33,3,0,SYN-00983,9.5147,,Q
2984,1,3,"Hall, Mr. Jamie 984",male,,0,0,SYN-00984,28.1781,,S
2985,0,3,"Anderson, Mrs. Alex 985",female,20.52,0,0,SYN-00985,5.2809,,S
2986,0,3,"Bennett, Mr. Morgan 986",male,47.08,0,0,SYN-00986,14.2986,,S
2987,1,2,"Carter, Mrs. Taylor 987",female,,0,0,SYN-00987,37.8104,,S
2988,1,3,"Davis, Mrs. Jordan 988",female,29.32,1,0,SYN-00988,2.7225,,S
2989,0,3,"Evans, Mrs. Casey 989",female,,0,0,SYN-00989,12.531,,S
2990,1,2,"Foster, Mr. Riley 990",male,26.12,0,1,SYN-00990,27.8716,,S
2991,0,1,"Green, Mr. Avery 991",male,,1,1,SYN-00991,60.4285,,C
2992,0,1,"Hall, Mr. Jamie 992",male,30.55,2,1,SYN-00992,49.0556,,S
2993,0,3,"Anderson, Mr. Alex 993",male,,0,0,SYN-00993,7.2263,,S
2994,1,3,"Bennett, Mrs. Morgan 994",female,,1,0,SYN-00994,8.3468,,S
2995,1,3,"Carter, Mr. Taylor 995",male,7.23,1,0,SYN-00995,8.4692,,C
2996,1,2,"Davis, Mr. Jordan 996",male,20.4,0,0,SYN-00996,15.2687,,S
2997,0,1,"Evans, Mr. Casey 997",male,16.22,0,1,SYN-00997,57.9183,,S
2998,1,3,"Foster, Mrs. Riley 998",female,21.06,3,0,SYN-00998,19.2502,A71,S
2999,1,3,"Green, Mr. Avery 999",male,31.4,1,2,SYN-00999,5.1277,,S
3000,1,3,"Hall, Mrs. Jamie 1000",female,26.91,0,1,SYN-01000,3.8213,,S
3001,0,3,"Anderson, Mrs. Alex 1001",female,39.94,1,1,SYN-01001,19.4203,,S
3002,0,3,"Bennett, Mr. Morgan 1002",male,48.27,1,0,SYN-01002,8.9978,F54,C
3003,1,3,"Carter, Mrs. Taylor 1003",female,16.34,0,0,SYN-01003,8.0773,,S
3004,0,3,"Davis, Mrs. Jordan 1004",female,19.72,0,0,SYN-01004,9.4066,B51,Q
3005,0,3,"Evans, Mr. Casey 1005",male,9.89,1,1,SYN-01005,11.2199,,S
3006,0,1,"Foster, Mr. Riley 1006",male,58.43,1,0,SYN-01006,52.4713,,S
3007,0,1,"Green, Mr. Avery 1007",male,34.27,1,0,SYN-01007,92.4583,,S
3008,1,2,"Hall, Mrs. Jamie 1008",female,,0,0,SYN-01008,11.781,,S
3009,1,2,"Anderson, Mr. Alex 1009",male,11.24,1,1,SYN-01009,16.9409,,C
3010,1,1,"Bennett, Mr. Morgan 1010",male,,0,1,SYN-01010,20.7058,F103,S
3011,0,3,"Carter, Mr. Taylor 1011",male,37.13,0,0,SYN-01011,19.0547,,C
3012,1,1,"Davis, Mr. Jordan 1012",male,26.46,0,1,SYN-01012,63.5386,,S
3013,1,3,"Evans, Mr. Casey 1013",male,45.06,2,0,SYN-01013,14.4565,,S
3014,0,3,"Foster, Mr. Riley 1014",male,62.37,1,0,SYN-01014,12.9968,,S
3015,0,3,"Green, Mrs. Avery 1015",female,16.74,0,0,SYN-01015,13.531,,S
3016,1,3,"Hall, Mrs. Jamie 1016",female,15.69,0,0,SYN-01016,9.9573,,S
3017,1,2,"Anderson, Mr. Alex 1017",male,,1,0,SYN-01017,24.7607,,Q
3018,1,3,"Bennett, Mr. Morgan 1018",male,,0,1,SYN-01018,5.8937,D116,S
3019,0,1,"Carter, Mrs. Taylor 1019",female,44.59,1,1,SYN-01019,36.7577,,S
3020,0,3,"Davis, Mr. Jordan 1020",male,28.1,1,0,SYN-01020,9.4591,C88,C
3021,1,2,"Evans, Mr. Casey 1021",male,30.51,1,0,SYN-01021,13.7612,,S
3022,1,2,"Foster, Mr. Riley 1022",male,18.57,0,0,SYN-01022,43.8045,,C
3023,0,3,"Green, Mr. Avery 1023",male,,3,0,SYN-01023,12.2916,,S
3024,0,3,"Hall, Mr. Jamie 1024",male,6.33,1,2,SYN-01024,6.7431,,C
3025,0,3,"Anderson, Mr. Alex 1025",male,26.36,0,0,SYN-01025,8.6127,,S
3026,1,3,"Bennett, Mrs. Morgan 1026",female,38.52,2,0,SYN-01026,10.759,,Q
3027,0,1,"Carter, Mr. Taylor 1027",male,27.37,0,0,SYN-01027,67.4302,,S
3028,0,3,"Davis, Mr. Jordan 1028",male,,0,0,SYN-01028,11.6121,B17,C
3029,0,2,"Evans, Mr. Casey 1029",male,30.15,0,0,SYN-01029,20.7696,,S
3030,1,2,"Foster, Mr. Riley 1030",male,,1,1,SYN-01030,9.308,,C
3031,1,1,"Green, Mr. Avery 1031",male,53.05,0,0,SYN-01031,21.4451,,C
3032,0,2,"Hall, Mr. Jamie 1032",male,38.2,1,0,SYN-01032,16.285,F136,C
3033,0,2,"Anderson, Mr. Alex 1033",male,41.25,0,1,SYN-01033,27.2214,,S
3034,0,3,"Bennett, Mr. Morgan 1034",male,27.2,0,0,SYN-01034,8.193,,S
3035,1,1,"Carter, Mr. Taylor 1035",male,,0,0,SYN-01035,138.1867,,C
3036,0,1,"Davis, Mr. Jordan 1036",male,39.16,0,1,SYN-01036,68.2179,,S
3037,1,3,"Evans, Mrs. Casey 1037",female,32.4,0,0,SYN-01037,21.0951,,S
3038,1,1,"Foster, Mr. Riley 1038",male,10.08,0,0,SYN-01038,131.8997,G128,S
3039,1,3,"Green, Mr. Avery 1039",male,25.41,0,1,SYN-01039,17.8284,,S
3040,1,3,"Hall, Mrs. Jamie 1040",female,28.84,0,0,SYN-01040,5.1585,F50,S
3041,1,2,"Anderson, Mrs. Alex 1041",female,22.85,0,1,SYN-01041,20.1894,,S
3042,0,3,"Bennett, Mr. Morgan 1042",male,,1,0,SYN-01042,19.5918,G32,S
3043,1,1,"Carter, Mr. Taylor 1043",male,36.72,0,0,SYN-01043,81.3113,,S
3044,1,1,"Davis, Mr. Jordan 1044",male,49.22,1,1,SYN-01044,94.9541,F52,C
3045,0,3,"Evans, Mrs. Casey 1045",female,33.69,0,0,SYN-01045,4.6611,E63,S
3046,0,3,"Foster, Mrs. Riley 1046",female,31.14,1,0,SYN-01046,28.7294,,C
3047,1,3,"Green, Mrs. Avery 1047",female,16.89,0,2,SYN-01047,6.471,F125,S
3048,0,1,"Hall, Mr. Jamie 1048",male,30.17,1,0,SYN-01048,23.3725,G77,S
3049,1,3,"Anderson, Mr. Alex 1049",male,,0,1,SYN-01049,8.2438,,S
3050,1,2,"Bennett, Mrs. Morgan 1050",female,8.71,0,0,SYN-01050,5.205,,S
3051,0,2,"Carter, Mr. Taylor 1051",male,22.45,0,0,SYN-01051,11.0112,,S
3052,1,1,"Davis, Mrs. Jordan 1052",female,25.47,1,1,SYN-01052,285.9099,,S
3053,0,3,"Evans, Mrs. Casey 1053",female,35.79,0,0,SYN-01053,8.1138,,S
3054,1,1,"Foster, Mrs. Riley 1054",female,36.46,0,0,SYN-01054,31.9193,,S
3055,0,3,"Green, Mrs. Avery 1055",female,21.86,1,0,SYN-01055,10.1401,,S
3056,0,3,"Hall, Mr. Jamie 1056",male,36.56,0,0,SYN-01056,6.1031,,C
3057,1,3,"Anderson, Mr. Alex 1057",male,10.43,0,0,SYN-01057,16.088,,S
3058,1,3,"Bennett, Mrs. Morgan 1058",female,,1,0,SYN-01058,6.1309,,S
3059,0,3,"Carter, Mr. Taylor 1059",male,23.21,1,1,SYN-01059,11.6056,,S
3060,1,1,"Davis, Mr. Jordan 1060",male,45.11,0,1,SYN-01060,37.2485,,C
3061,0,1,"Evans, Mr. Casey 1061",male,6.45,0,0,SYN-01061,292.3526,,S
3062,0,3,"Foster, Mr. Riley 1062",male,4.5,0,0,SYN-01062,13.1916,,S
3063,0,2,"Green, Mrs. Avery 1063",female,52.19,0,0,SYN-01063,18.4618,,C
3064,0,1,"Hall, Mr. Jamie 1064",male,19.35,1,0,SYN-01064,59.5829,,S
3065,1,1,"Anderson, Mrs. Alex 1065",female,,1,0,SYN-01065,51.6255,B58,C
3066,0,2,"Bennett, Mr. Morgan 1066",male,11.74,0,1,SYN-01066,13.1606,A136,S
3067,1,1,"Carter, Mr. Taylor 1067",male,52.78,0,1,SYN-01067,45.3712,,Q
3068,1,1,"Davis, Mr. Jordan 1068",male,28.83,0,0,SYN-01068,176.1923,A111,S
3069,0,3,"Evans, Mrs. Casey 1069",female,30.65,0,0,SYN-01069,7.3791,,S
3070,0,2,"Foster, Mr. Riley 1070",male,48.96,4,0,SYN-01070,6.2,,S
3071,0,3,"Green, Mr. Avery 1071",male,,0,0,SYN-01071,5.2662,,S
3072,0,3,"Hall, Mr. Jamie 1072",male,17.74,0,0,SYN-01072,16.6571,,S
3073,0,1,"Anderson, Mr. Alex 1073",male,,1,0,SYN-01073,60.9295,,S
3074,1,3,"Bennett, Mr. Morgan 1074",male,36.93,0,1,SYN-01074,9.2891,C26,S
3075,0,3,"Carter, Mr. Taylor 1075",male,21.26,1,1,SYN-01075,19.0294,,C
3076,1,3,"Davis, Mrs. Jordan 1076",female,0.36,1,0,SYN-01076,6.5218,,S
3077,0,1,"Evans, Mr. Casey 1077",male,29.25,1,0,SYN-01077,99.1194,,C
3078,1,1,"Foster, Mr. Riley 1078",male,9.28,1,0,SYN-01078,48.4804,,S
3079,0,1,"Green, Mr. Avery 1079",male,6.93,0,2,SYN-01079,96.0844,,S
3080,1,3,"Hall, Mrs. Jamie 1080",female,32.48,0,0,SYN-01080,8.0644,,S
3081,1,3,"Anderson, Mrs. Alex 1081",female,,0,1,SYN-01081,8.7559,,C
3082,0,3,"Bennett, Mr. Morgan 1082",male,20.22,0,0,SYN-01082,15.7,,C
3083,0,3,"Carter, Mr. Taylor 1083",male,,0,0,SYN-01083,15.0895,,S
3084,1,3,"Davis, Mr. Jordan 1084",male,,0,0,SYN-01084,9.1303,,S
3085,1,3,"Evans, Mr. Casey 1085",male,44.23,0,0,SYN-01085,7.7152,,Q
3086,0,1,"Foster, Mr. Riley 1086",male,61.25,1,0,SYN-01086,168.6839,B128,S
3087,0,3,"Green, Mr. Avery 1087",male,40.17,0,1,SYN-01087,13.8283,,S
3088,0,2,"Hall, Mr. Jamie 1088",male,28.71,0,1,SYN-01088,16.1288,,S
3089,0,1,"Anderson, Mr. Alex 1089",male,23.95,0,0,SYN-01089,48.8766,,S
3090,1,3,"Bennett, Mr. Morgan 1090",male,,1,0,SYN-01090,17.5715,,C
3091,0,3,"Carter, Mrs. Taylor 1091",female,58.84,1,0,SYN-01091,10.6553,,Q
3092,0,2,"Davis, Mr. Jordan 1092",male,27.36,1,1,SYN-01092,18.2795,,C
3093,1,3,"Evans, Mrs. Casey 1093",female,59.62,1,1,SYN-01093,10.6528,,S
3094,0,1,"Foster, Mrs. Riley 1094",female,49.51,0,0,SYN-01094,84.2917,,S
3095,0,1,"Green, Mr. Avery 1095",male,5.63,1,0,SYN-01095,67.8511,,S
3096,1,1,"Hall, Mr. Jamie 1096",male,,0,0,SYN-01096,135.7104,G123,S
3097,0,3,"Anderson, Mrs. Alex 1097",female,20.63,0,0,SYN-01097,19.9898,,S
3098,1,3,"Bennett, Mr. Morgan 1098",male,28.88,0,0,SYN-01098,13.3982,G38,Q
3099,0,1,"Carter, Mr. Taylor 1099",male,29.16,0,0,SYN-01099,149.096,,S
3100,0,2,"Davis, Mrs. Jordan 1100",female,71.95,0,0,SYN-01100,20.0937,,S
3101,1,1,"Evans, Mrs. Casey 1101",female,14.92,0,0,SYN-01101,102.3274,B94,S
3102,1,1,"Foster, Mrs. Riley 1102",female,33.21,0,0,SYN-01102,121.6254,D114,S
3103,0,3,"Green, Mr. Avery 1103",male,38.63,0,0,SYN-01103,17.515,,S
3104,1,3,"Hall, Mr. Jamie 1104",male,29.98,1,0,SYN-01104,16.55,,S
3105,1,3,"Anderson, Mrs. Alex 1105",female,31.54,1,1,SYN-01105,14.1503,,S
3106,0,2,"Bennett, Mr. Morgan 1106",male,15.37,0,0,SYN-01106,58.6832,B38,S
3107,1,3,"Carter, Mrs. Taylor 1107",female,31.49,1,1,SYN-01107,7.4317,,C
3108,0,1,"Davis, Mr. Jordan 1108",male,5.94,1,1,SYN-01108,64.272,,S
3109,1,1,"Evans, Mr. Casey 1109",male,34.59,1,0,SYN-01109,62.2099,F71,C
3110,1,3,"Foster, Mrs. Riley 1110",female,37.98,1,0,SYN-01110,8.1674,,S
3111,0,3,"Green, Mrs. Avery 1111",female,49.78,0,0,SYN-01111,3.3493,,S
3112,0,3,"Hall, Mr. Jamie 1112",male,43.12,0,0,SYN-01112,21.3011,,S
3113,0,3,"Anderson, Mr. Alex 1113",male,,0,0,SYN-01113,5.6875,,Q
3114,0,3,"Bennett, Mr. Morgan 1114",male,13.6,0,0,SYN-01114,10.979,,S
3115,0,3,"Carter, Mr. Taylor 1115",male,21.6,1,1,SYN-01115,4.5748,,S
3116,1,2,"Davis, Mrs. Jordan 1116",female,,0,0,SYN-01116,28.1381,E159,Q
3117,1,1,"Evans, Mrs. Casey 1117",female,33.53,1,2,SYN-01117,45.4461,,Q
3118,0,1,"Foster, Mr. Riley 1118",male,6.24,1,1,SYN-01118,37.4766,G153,S
3119,1,1,"Green, Mrs. Avery 1119",female,16.9,0,1,SYN-01119,77.8967,E145,C
3120,1,1,"Hall, Mr. Jamie 1120",male,13.37,0,0,SYN-01120,47.6123,,S
3121,0,2,"Anderson, Mr. Alex 1121",male,6.88,0,0,SYN-01121,14.5843,D11,S
3122,1,3,"Bennett, Mrs. Morgan 1122",female,26.71,0,1,SYN-01122,10.9909,,S
3123,1,3,"Carter, Mr. Taylor 1123",male,,0,0,SYN-01123,15.527,,Q
3124,1,3,"Davis, Mrs. Jordan 1124",female,15.99,0,1,SYN-01124,6.3755,,S
3125,0,1,"Evans, Mr. Casey 1125",male,24.49,0,1,SYN-01125,40.5826,,C
3126,0,3,"Foster, Mr. Riley 1126",male,11.3,1,0,SYN-01126,10.13,,S
3127,0,2,"Green, Mr. Avery 1127",male,35.32,0,0,SYN-01127,26.9052,,S
3128,1,1,"Hall, Mr. Jamie 1128",male,40.36,0,0,SYN-01128,156.4929,C39,S
3129,1,2,"Anderson, Mr. Alex 1129",male,22.31,4,0,SYN-01129,11.0951,,C
3130,1,2,"Bennett, Mr. Morgan 1130",male,23.88,1,0,SYN-01130,16.7911,D133,Q
3131,1,2,"Carter, Mr. Taylor 1131",male,37.52,1,0,SYN-01131,38.1839,,C
3132,1,3,"Davis, Mr. Jordan 1132",male,20.0,0,0,SYN-01132,29.6004,,C
3133,0,3,"Evans, Mrs. Casey 1133",female,19.04,3,0,SYN-01133,5.7915,,S
3134,1,3,"Foster, Mr. Riley 1134",male,46.75,0,1,SYN-01134,6.6608,,Q
3135,1,1,"Green, Mr. Avery 1135",male,42.38,0,0,SYN-01135,86.3234,F123,
3136,1,3,"Hall, Mrs. Jamie 1136",female,12.45,0,1,SYN-01136,7.2778,F43,S
3137,0,3,"Anderson, Mr. Alex 1137",male,42.96,0,0,SYN-01137,6.5864,,S
3138,0,1,"Bennett, Mr. Morgan 1138",male,2.32,0,1,SYN-01138,80.0742,,S
3139,0,3,"Carter, Mrs. Taylor 1139",female,,1,1,SYN-01139,23.4476,,S
3140,0,3,"Davis, Mr. Jordan 1140",male,35.49,1,0,SYN-01140,4.8665,D83,S
3141,0,2,"Evans, Mrs. Casey 1141",female,44.15,0,0,SYN-01141,45.5958,,S
3142,1,1,"Foster, Mr. Riley 1142",male,,0,0,SYN-01142,51.0279,,Q
3143,0,3,"Green, Mr. Avery 1143",male,30.68,0,1,SYN-01143,12.0947,E94,Q
3144,1,1,"Hall, Mr. Jamie 1144",male,,0,1,SYN-01144,167.9159,,S
3145,0,1,"Anderson, Mr. Alex 1145",male,35.14,1,2,SYN-01145,83.7154,,Q
3146,0,1,"Bennett, Mrs. Morgan 1146",female,25.64,0,2,SYN-01146,59.4345,,S
3147,0,3,"Carter, Mr. Taylor 1147",male,42.15,2,0,SYN-01147,14.8438,,S
3148,0,2,"Davis, Mr. Jordan 1148",male,7.79,0,0,SYN-01148,18.1831,,Q
3149,1,2,"Evans, Mr. Casey 1149",male,,1,0,SYN-01149,26.6416,,S
3150,0,2,"Foster, Mr. Riley 1150",male,58.63,0,0,SYN-01150,17.8706,,C
3151,1,3,"Green, Mrs. Avery 1151",female,21.23,2,0,SYN-01151,16.0582,,S
3152,0,3,"Hall, Mr. Jamie 1152",male,,0,0,SYN-01152,4.6448,,S
3153,1,3,"Anderson, Mrs. Alex 1153",female,17.64,0,0,SYN-01153,5.7268,,S
3154,1,2,"Bennett, Mrs. Morgan 1154",female,34.7,2,0,SYN-01154,9.2149,,Q
3155,1,1,"Carter, Mr. Taylor 1155",male,19.69,0,0,SYN-01155,67.8608,,S
3156,1,3,"Davis, Mrs. Jordan 1156",female,27.4,1,3,SYN-01156,4.3117,,S
3157,1,2,"Evans, Mrs. Casey 1157",female,41.88,0,0,SYN-01157,13.6703,,S
3158,1,3,"Foster, Mrs. Riley 1158",female,20.22,0,1,SYN-01158,5.4382,,S
3159,1,3,"Green, Mr. Avery 1159",male,41.04,1,0,SYN-01159,22.5652,,S
3160,0,3,"Hall, Mr. Jamie 1160",male,41.51,0,0,SYN-01160,5.7991,,C
3161,1,3,"Anderson, Mrs. Alex 1161",female,,1,0,SYN-01161,4.9283,,S
3162,0,3,"Bennett, Mr. Morgan 1162",male,31.97,1,1,SYN-01162,11.4635,,S
3163,0,2,"Carter, Mr. Taylor 1163",male,9.26,0,1,SYN-01163,50.5763,,S
3164,0,3,"Davis, Mrs. Jordan 1164",female,,0,0,SYN-01164,9.3816,E114,S
3165,0,1,"Evans, Mrs. Casey 1165",female,34.55,1,0,SYN-01165,68.5251,E86,C
3166,1,3,"Foster, Mr. Riley 1166",male,17.74,0,0,SYN-01166,20.3382,E26,C
3167,0,1,"Green, Mr. Avery 1167",male,28.64,0,1,SYN-01167,113.4681,E26,S
3168,0,2,"Hall, Mr. Jamie 1168",male,49.97,0,0,SYN-01168,25.2723,,S
3169,0,3,"Anderson, Mr. Alex 1169",male,53.93,2,0,SYN-01169,7.2594,C2,S
3170,1,1,"Bennett, Mrs. Morgan 1170",female,50.7,0,2,SYN-01170,89.9516,,C
3171,1,1,"Carter, Mr. Taylor 1171",male,,0,0,SYN-01171,33.1176,,Q
3172,1,3,"Davis, Mr. Jordan 1172",male,12.42,1,1,SYN-01172,7.0962,,C
3173,1,1,"Evans, Mrs. Casey 1173",female,,1,0,SYN-01173,153.8226,,S
3174,1,3,"Foster, Mr. Riley 1174",male,12.62,0,0,SYN-01174,20.4643,,S
3175,1,2,"Green, Mr. Avery 1175",male,9.18,0,0,SYN-01175,25.4407,,Q
3176,1,1,"Hall, Mr. Jamie 1176",male,33.35,0,0,SYN-01176,24.2242,,S
3177,0,1,"Anderson, Mr. Alex 1177",male,37.32,0,0,SYN-01177,36.0164,,S
3178,0,3,"Bennett, Mr. Morgan 1178",male,42.65,0,0,SYN-01178,6.8818,,Q
3179,1,3,"Carter, Mrs. Taylor 1179",female,,0,0,SYN-01179,9.0989,,C
3180,1,1,"Davis, Mrs. Jordan 1180",female,37.44,0,0,SYN-01180,35.1903,,S
3181,0,3,"Evans, Mr. Casey 1181",male,,1,0,SYN-01181,8.733,,
3182,1,3,"Foster, Mrs. Riley 1182",female,28.53,1,1,SYN-01182,26.4326,,Q
3183,1,3,"Green, Mrs. Avery 1183",female,8.9,0,0,SYN-01183,12.4665,,S
3184,0,3,"Hall, Mrs. Jamie 1184",female,1.95,0,0,SYN-01184,11.279,,C
3185,1,3,"Anderson, Mrs. Alex 1185",female,40.37,1,0,SYN-01185,5.7141,E61,S
3186,0,3,"Bennett, Mr. Morgan 1186",male,10.08,1,0,SYN-01186,4.0598,G132,C
3187,0,3,"Carter, Mr. Taylor 1187",male,42.21,1,0,SYN-01187,5.089,,Q
3188,1,3,"Davis, Mr. Jordan 1188",male,,1,0,SYN-01188,3.9706,C18,S
3189,1,2,"Evans, Mrs. Casey 1189",female,,1,2,SYN-01189,20.8427,,S
3190,1,1,"Foster, Mr. Riley 1190",male,38.26,1,0,SYN-01190,86.4557,,S
3191,1,3,"Green, Mr. Avery 1191",male,20.74,0,1,SYN-01191,5.8807,,C
3192,0,1,"Hall, Mr. Jamie 1192",male,4.16,0,1,SYN-01192,75.933,,S
3193,1,2,"Anderson, Mr. Alex 1193",male,2.35,1,1,SYN-01193,44.8659,,S
3194,1,1,"Bennett, Mr. Morgan 1194",male,10.51,0,0,SYN-01194,205.4554,,C
3195,1,1,"Carter, Mr. Taylor 1195",male,23.84,0,0,SYN-01195,106.935,,Q
3196,0,3,"Davis, Mrs. Jordan 1196",female,,1,0,SYN-01196,9.0832,,C
3197,1,3,"Evans, Mrs. Casey 1197",female,8.64,1,0,SYN-01197,15.0074,,S
3198,0,2,"Foster, Mr. Riley 1198",male,35.36,1,0,SYN-01198,42.0655,,Q
3199,1,1,"Green, Mrs. Avery 1199",female,16.07,1,0,SYN-01199,23.2085,,C
3200,0,2,"Hall, Mr. Jamie 1200",male,,0,0,SYN-01200,45.1897,,S
3201,1,2,"Anderson, Mr. Alex 1201",male,34.18,0,0,SYN-01201,14.8234,,Q
3202,0,3,"Bennett, Mr. Morgan 1202",male,35.31,1,1,SYN-01202,7.4511,,S
3203,1,3,"Carter, Mr. Taylor 1203",male,16.77,0,0,SYN-01203,8.2266,,Q
3204,0,3,"Davis, Mr. Jordan 1204",male,,1,0,SYN-01204,11.9249,,C
3205,1,3,"Evans, Mrs. Casey 1205",female,42.98,0,0,SYN-01205,5.427,,S
3206,0,3,"Foster, Mrs. Riley 1206",female,54.79,1,1,SYN-01206,8.5501,,S
3207,1,3,"Green, Mr. Avery 1207",male,5.97,0,0,SYN-01207,13.3496,,S
3208,0,3,"Hall, Mr. Jamie 1208",male,17.44,0,0,SYN-01208,11.2774,,S
3209,1,3,"Anderson, Mrs. Alex 1209",female,34.75,0,0,SYN-01209,12.33,,S
3210,0,1,"Bennett, Mr. Morgan 1210",male,,1,1,SYN-01210,58.5753,,C
3211,1,3,"Carter, Mr. Taylor 1211",male,31.43,0,1,SYN-01211,14.6454,,S
3212,0,2,"Davis, Mr. Jordan 1212",male,50.47,0,1,SYN-01212,35.7575,,S
3213,0,2,"Evans, Mr. Casey 1213",male,19.64,0,1,SYN-01213,34.5972,,S
3214,1,3,"Foster, Mr. Riley 1214",male,29.41,0,0,SYN-01214,12.6514,,S
3215,1,3,"Green, Mrs. Avery 1215",female,38.67,1,0,SYN-01215,16.7597,,S
3216,1,1,"Hall, Mr. Jamie 1216",male,35.56,0,0,SYN-01216,113.0216,,S
3217,1,1,"Anderson, Mrs. Alex 1217",female,19.27,2,0,SYN-01217,305.0802,,S
3218,0,1,"Bennett, Mr. Morgan 1218",male,18.67,1,0,SYN-01218,136.788,,S
3219,1,3,"Carter, Mr. Taylor 1219",male,,0,0,SYN-01219,9.5236,,C
3220,1,1,"Davis, Mrs. Jordan 1220",female,46.68,0,1,SYN-01220,42.3967,,S
3221,1,3,"Evans, Mrs. Casey 1221",female,,2,3,SYN-01221,8.6621,,S
3222,1,3,"Foster, Mrs. Riley 1222",female,55.26,0,0,SYN-01222,8.332,,C
3223,1,3,"Green, Mr. Avery 1223",male,2.82,1,0,SYN-01223,13.2483,,Q
3224,1,3,"Hall, Mr. Jamie 1224",male,25.64,0,1,SYN-01224,6.8035,,S
3225,1,2,"Anderson, Mrs. Alex 1225",female,,0,0,SYN-01225,38.5297,,C
3226,0,1,"Bennett, Mr. Morgan 1226",male,39.98,3,0,SYN-01226,32.5975,,C
3227,0,3,"Carter, Mr. Taylor 1227",male,,0,0,SYN-01227,4.0743,,Q
3228,1,1,"Davis, Mr. Jordan 1228",male,15.53,0,0,SYN-01228,64.9866,,S
3229,0,1,"Evans, Mr. Casey 1229",male,36.89,0,0,SYN-01229,44.0395,,S
3230,1,2,"Foster, Mrs. Riley 1230",female,27.52,0,0,SYN-01230,10.0112,,S
3231,1,1,"Green, Mrs. Avery 1231",female,,1,1,SYN-01231,49.309,,C
3232,1,2,"Hall, Mr. Jamie 1232",male,45.02,1,0,SYN-01232,13.1565,,C
3233,1,3,"Anderson, Mrs. Alex 1233",female,40.63,0,0,SYN-01233,10.0559,,S
3234,0,3,"Bennett, Mr. Morgan 1234",male,48.62,0,0,SYN-01234,7.1087,F18,S
3235,1,3,"Carter, Mrs. Taylor 1235",female,2.96,0,0,SYN-01235,7.434,,S
3236,1,3,"Davis, Mrs. Jordan 1236",female,,0,0,SYN-01236,9.9733,C140,S
3237,1,2,"Evans, Mrs. Casey 1237",female,39.73,0,1,SYN-01237,34.9377,D30,Q
3238,0,3,"Foster, Mr. Riley 1238",male,,1,1,SYN-01238,22.4546,,S
3239,1,3,"Green, Mrs. Avery 1239",female,20.83,0,0,SYN-01239,10.8467,,S
3240,1,1,"Hall, Mrs. Jamie 1240",female,8.49,0,0,SYN-01240,79.245,,S
3241,0,3,"Anderson, Mr. Alex 1241",male,30.3,1,1,SYN-01241,9.0416,,C
3242,1,2,"Bennett, Mrs. Morgan 1242",female,52.79,0,0,SYN-01242,26.0605,,C
3243,1,1,"Carter, Mr. Taylor 1243",male,58.32,0,0,SYN-01243,86.7574,,S
3244,1,2,"Davis, Mrs. Jordan 1244",female,18.6,0,0,SYN-01244,41.4691,,S
3245,0,2,"Evans, Mrs. Casey 1245",female,37.37,1,2,SYN-01245,7.0777,,C
3246,1,2,"Foster, Mrs. Riley 1246",female,,0,0,SYN-01246,17.5799,,Q
3247,0,3,"Green, Mr. Avery 1247",male,35.43,1,0,SYN-01247,12.0509,,S
3248,0,3,"Hall, Mrs. Jamie 1248",female,4.77,1,1,SYN-01248,9.8565,,S
3249,0,2,"Anderson, Mr. Alex 1249",male,,1,0,SYN-01249,11.9316,,S
3250,0,3,"Bennett, Mr. Morgan 1250",male,53.63,0,2,SYN-01250,4.8936,,S
3251,1,2,"Carter, Mrs. Taylor 1251",female,5.57,0,0,SYN-01251,31.1623,,S
3252,1,3,"Davis, Mrs. Jordan 1252",female,9.82,1,1,SYN-01252,6.5948,,Q
3253,1,1,"Evans, Mrs. Casey 1253",female,,2,0,SYN-01253,26.6636,B78,S
3254,0,1,"Foster, Mr. Riley 1254",male,42.49,0,0,SYN-01254,112.1246,,Q
3255,1,3,"Green, Mrs. Avery 1255",female,34.41,0,0,SYN-01255,12.8716,,S
3256,1,3,"Hall, Mr. Jamie 1256",male,45.84,2,0,SYN-01256,9.3826,G61,S
3257,0,3,"Anderson, Mr. Alex 1257",male,32.63,0,0,SYN-01257,6.0471,B37,S
3258,0,3,"Bennett, Mr. Morgan 1258",male,32.81,1,1,SYN-01258,9.3951,,S
3259,1,3,"Carter, Mr. Taylor 1259",male,31.7,0,0,SYN-01259,19.5145,,C
3260,1,2,"Davis, Mr. Jordan 1260",male,1.74,0,1,SYN-01260,8.2289,D85,S
3261,1,1,"Evans, Mrs. Casey 1261",female,28.87,0,0,SYN-01261,29.6158,,S
3262,0,1,"Foster, Mr. Riley 1262",male,20.64,2,1,SYN-01262,49.562,,Q
3263,1,1,"Green, Mrs. Avery 1263",female,,0,1,SYN-01263,68.9817,,S
3264,1,2,"Hall, Mr. Jamie 1264",male,50.08,1,0,SYN-01264,15.2225,,S
3265,0,3,"Anderson, Mr. Alex 1265",male,37.06,0,0,SYN-01265,14.2411,,C
3266,1,2,"Bennett, Mr. Morgan 1266",male,29.58,0,0,SYN-01266,36.4008,,S
3267,1,3,"Carter, Mrs. Taylor 1267",female,,2,0,SYN-01267,11.657,,S
3268,1,3,"Davis, Mr. Jordan 1268",male,,0,0,SYN-01268,13.6102,,S
3269,1,3,"Evans, Mr. Casey 1269",male,43.88,1,0,SYN-01269,11.6143,,S
3270,1,3,"Foster, Mr. Riley 1270",male,18.42,1,0,SYN-01270,10.0524,B8,S
3271,1,2,"Green, Mr. Avery 1271",male,29.93,0,1,SYN-01271,9.8186,,Q
3272,0,2,"Hall, Mr. Jamie 1272",male,42.15,0,0,SYN-01272,11.3627,A132,S
3273,1,3,"Anderson, Mr. Alex 1273",male,2.9,0,0,SYN-01273,4.7568,,Q
3274,0,3,"Bennett, Mr. Morgan 1274",male,29.19,0,0,SYN-01274,9.2157,,S
3275,1,2,"Carter, Mrs. Taylor 1275",female,23.99,0,0,SYN-01275,22.7254,,S
3276,0,2,"Davis, Mrs. Jordan 1276",female,28.13,2,0,SYN-01276,9.0127,,S
3277,0,3,"Evans, Mrs. Casey 1277",female,,0,1,SYN-01277,10.4074,,S
3278,0,3,"Foster, Mrs. Riley 1278",female,,0,0,SYN-01278,6.1794,,S
3279,0,1,"Green, Mr. Avery 1279",male,56.93,0,1,SYN-01279,38.8783,A54,C
3280,0,2,"Hall, Mr. Jamie 1280",male,25.47,0,0,SYN-01280,14.1794,,C
3281,1,3,"Anderson, Mrs. Alex 1281",female,,2,0,SYN-01281,,,C
3282,1,1,"Bennett, Mr. Morgan 1282",male,57.93,1,1,SYN-01282,97.725,,S
3283,0,3,"Carter, Mr. Taylor 1283",male,22.3,0,0,SYN-01283,9.1174,,C
3284,1,1,"Davis, Mr. Jordan 1284",male,55.41,1,0,SYN-01284,109.6028,,S
3285,1,3,"Evans, Mr. Casey 1285",male,30.07,0,0,SYN-01285,7.8355,F144,C
3286,0,2,"Foster, Mr. Riley 1286",male,54.95,2,0,SYN-01286,16.0003,,C
3287,1,1,"Green, Mr. Avery 1287",male,40.5,0,0,SYN-01287,196.1453,A103,S
3288,0,3,"Hall, Mrs. Jamie 1288",female,34.3,1,2,SYN-01288,4.0956,,S
3289,1,3,"Anderson, Mr. Alex 1289",male,29.08,2,0,SYN-01289,20.2681,,Q
3290,1,3,"Bennett, Mr. Morgan 1290",male,,1,0,SYN-01290,24.8429,,S
3291,0,2,"Carter, Mr. Taylor 1291",male,31.06,1,0,SYN-01291,30.4758,,S
3292,1,3,"Davis, Mr. Jordan 1292",male,42.56,0,0,SYN-01292,8.338,,Q
3293,0,3,"Evans, Mr. Casey 1293",male,29.82,0,1,SYN-01293,21.9196,,S
3294,1,3,"Foster, Mrs. Riley 1294",female,25.57,1,0,SYN-01294,8.3781,,S
3295,1,1,"Green, Mrs. Avery 1295",female,,1,0,SYN-01295,47.4802,,S
3296,0,3,"Hall, Mr. Jamie 1296",male,43.89,0,1,SYN-01296,8.0771,,C
3297,0,3,"Anderson, Mrs. Alex 1297",female,47.15,0,1,SYN-01297,7.3081,,S
3298,1,3,"Bennett, Mrs. Morgan 1298",female,,1,0,SYN-01298,5.9414,,S
3299,1,2,"Carter, Mr. Taylor 1299",male,0.17,1,0,SYN-01299,36.8272,,S
3300,0,2,"Davis, Mr. Jordan 1300",male,35.31,0,0,SYN-01300,13.0702,,Q
3301,0,1,"Evans, Mrs. Casey 1301",female,51.39,1,0,SYN-01301,68.8678,,C
3302,1,3,"Foster, Mr. Riley 1302",male,16.06,0,0,SYN-01302,4.52,D121,S
3303,1,3,"Green, Mr. Avery 1303",male,12.47,1,0,SYN-01303,10.1709,,Q
3304,0,1,"Hall, Mrs. Jamie 1304",female,26.3,3,1,SYN-01304,37.0673,,S
3305,0,3,"Anderson, Mr. Alex 1305",male,16.97,0,0,SYN-01305,5.2243,,Q
3306,0,3,"Bennett, Mr. Morgan 1306",male,26.25,1,0,SYN-01306,9.4166,C125,S
3307,0,1,"Carter, Mr. Taylor 1307",male,52.46,2,0,SYN-01307,125.1897,A67,S
3308,0,1,"Davis, Mr. Jordan 1308",male,10.08,0,0,SYN-01308,89.1859,,C
3309,0,3,"Evans, Mrs. Casey 1309",female,,1,0,SYN-01309,13.2315,D62,S
3310,0,3,"Foster, Mr. Riley 1310",male,18.4,0,0,SYN-01310,9.3104,,S
3311,1,1,"Green, Mr. Avery 1311",male,34.02,1,1,SYN-01311,58.2005,,C
3312,0,3,"Hall, Mr. Jamie 1312",male,38.69,0,1,SYN-01312,15.4516,,S
3313,0,3,"Anderson, Mr. Alex 1313",male,36.12,1,0,SYN-01313,7.3363,,S
3314,1,3,"Bennett, Mrs. Morgan 1314",female,10.79,0,1,SYN-01314,15.8239,,S
3315,1,3,"Carter, Mrs. Taylor 1315",female,5.32,2,0,SYN-01315,19.7343,,S
3316,0,3,"Davis, Mr. Jordan 1316",male,46.64,0,1,SYN-01316,6.2954,,S
3317,0,3,"Evans, Mr. Casey 1317",male,25.63,1,0,SYN-01317,6.8253,,S
3318,1,2,"Foster, Mrs. Riley 1318",female,40.24,1,0,SYN-01318,14.8144,,S
3319,0,3,"Green, Mr. Avery 1319",male,11.47,0,0,SYN-01319,4.4627,,C
3320,1,1,"Hall, Mr. Jamie 1320",male,7.43,0,0,SYN-01320,54.0724,D32,S
3321,0,3,"Anderson, Mr. Alex 1321",male,33.31,0,1,SYN-01321,20.4582,,S
3322,0,1,"Bennett, Mr. Morgan 1322",male,46.18,1,0,SYN-01322,39.3867,,S
3323,1,3,"Carter, Mrs. Taylor 1323",female,7.81,1,0,SYN-01323,20.7271,,S
3324,0,1,"Davis, Mr. Jordan 1324",male,30.43,2,0,SYN-01324,55.1524,,S
3325,1,2,"Evans, Mrs. Casey 1325",female,14.81,0,1,SYN-01325,63.9724,,S
3326,0,1,"Foster, Mr. Riley 1326",male,37.08,2,0,SYN-01326,48.1104,,S
3327,0,3,"Green, Mr. Avery 1327",male,,0,0,SYN-01327,9.2386,,S
3328,1,3,"Hall, Mr. Jamie 1328",male,48.02,1,1,SYN-01328,6.0617,,S
3329,1,1,"Anderson, Mrs. Alex 1329",female,22.51,1,0,SYN-01329,47.9548,,S
3330,0,3,"Bennett, Mrs. Morgan 1330",female,,0,1,SYN-01330,20.8757,,C
3331,0,3,"Carter, Mr. Taylor 1331",male,49.05,1,0,SYN-01331,12.9822,,C
3332,1,2,"Davis, Mr. Jordan 1332",male,6.99,1,2,SYN-01332,35.2189,F1,Q
3333,0,3,"Evans, Mr. Casey 1333",male,38.57,0,1,SYN-01333,4.8502,,S
3334,0,2,"Foster, Mr. Riley 1334",male,43.42,0,1,SYN-01334,28.6711,D146,S
3335,1,1,"Green, Mr. Avery 1335",male,26.38,0,0,SYN-01335,41.0258,,S
3336,1,3,"Hall, Mr. Jamie 1336",male,13.05,1,0,SYN-01336,4.7925,,S
3337,1,1,"Anderson, Mrs. Alex 1337",female,,1,2,SYN-01337,79.8234,,S
3338,0,3,"Bennett, Mr. Morgan 1338",male,13.21,0,0,SYN-01338,11.3394,,S
3339,1,3,"Carter, Mr. Taylor 1339",male,27.5,0,0,SYN-01339,10.2977,,S
3340,0,3,"Davis, Mr. Jordan 1340",male,29.44,1,0,SYN-01340,14.8388,,S
3341,1,3,"Evans, Mrs. Casey 1341",female,40.02,0,1,SYN-01341,16.1682,F49,S
3342,0,3,"Foster, Mr. Riley 1342",male,21.23,0,2,SYN-01342,22.442,,
3343,0,3,"Green, Mr. Avery 1343",male,,0,0,SYN-01343,5.196,,S
3344,0,2,"Hall, Mr. Jamie 1344",male,,1,2,SYN-01344,45.6883,,S
3345,0,1,"Anderson, Mr. Alex 1345",male,44.09,1,0,SYN-01345,197.1109,,S
3346,0,3,"Bennett, Mr. Morgan 1346",male,,0,0,SYN-01346,8.1756,,S
3347,1,2,"Carter, Mr. Taylor 1347",male,8.9,0,1,SYN-01347,7.989,,S
3348,0,2,"Davis, Mr. Jordan 1348",male,34.41,1,0,SYN-01348,9.3447,,S
3349,1,1,"Evans, Mr. Casey 1349",male,14.79,0,1,SYN-01349,54.2974,,Q
3350,0,3,"Foster, Mrs. Riley 1350",female,,1,0,SYN-01350,30.2762,,S
3351,0,2,"Green, Mr. Avery 1351",male,16.86,0,0,SYN-01351,20.1888,,S
3352,1,1,"Hall, Mr. Jamie 1352",male,,0,1,SYN-01352,49.8513,G128,S
3353,1,1,"Anderson, Mrs. Alex 1353",female,21.75,0,0,SYN-01353,48.0155,,S
3354,1,2,"Bennett, Mrs. Morgan 1354",female,28.93,2,1,SYN-01354,9.6623,,S
3355,0,3,"Carter, Mr. Taylor 1355",male,34.52,2,0,SYN-01355,16.1772,,Q
3356,1,2,"Davis, Mrs. Jordan 1356",female,36.77,0,1,SYN-01356,19.0125,,S
3357,1,3,"Evans, Mr. Casey 1357",male,29.92,0,2,SYN-01357,31.7373,,S
3358,0,3,"Foster, Mr. Riley 1358",male,10.7,3,0,SYN-01358,14.1272,,Q
3359,1,2,"Green, Mr. Avery 1359",male,40.19,0,0,SYN-01359,31.5697,,S
3360,1,3,"Hall, Mrs. Jamie 1360",female,29.26,1,0,SYN-01360,8.7533,,S
3361,0,3,"Anderson, Mr. Alex 1361",male,46.26,0,0,SYN-01361,5.4878,,S
3362,1,3,"Bennett, Mr. Morgan 1362",male,20.09,0,0,SYN-01362,6.1849,,S
3363,1,1,"Carter, Mr. Taylor 1363",male,7.57,0,1,SYN-01363,32.9638,,Q
3364,1,1,"Davis, Mrs. Jordan 1364",female,5.74,2,1,SYN-01364,115.4933,,S
3365,0,3,"Evans, Mr. Casey 1365",male,,0,0,SYN-01365,8.092,,C
3366,0,3,"Foster, Mr. Riley 1366",male,,0,0,SYN-01366,16.8856,,S
3367,1,3,"Green, Mrs. Avery 1367",female,27.2,1,0,SYN-01367,10.7762,,C
3368,1,3,"Hall, Mrs. Jamie 1368",female,,0,0,SYN-01368,8.5125,,C
3369,1,1,"Anderson, Mrs. Alex 1369",female,54.61,1,0,SYN-01369,36.7895,,C
3370,1,3,"Bennett, Mrs. Morgan 1370",female,15.59,0,1,SYN-01370,11.8045,,C
3371,1,3,"Carter, Mrs. Taylor 1371",female,,1,0,SYN-01371,8.867,B155,S
3372,0,3,"Davis, Mr. Jordan 1372",male,37.98,0,1,SYN-01372,16.4247,,S
3373,0,1,"Evans, Mr. Casey 1373",male,4.02,0,0,SYN-01373,47.2295,,S
3374,0,2,"Foster, Mr. Riley 1374",male,47.84,2,0,SYN-01374,28.0669,,S
3375,0,3,"Green, Mr. Avery 1375",male,38.74,0,0,SYN-01375,24.6568,,S
3376,0,3,"Hall, Mrs. Jamie 1376",female,42.59,2,0,SYN-01376,11.6172,,S
3377,0,3,"Anderson, Mr. Alex 1377",male,37.81,0,0,SYN-01377,15.402,,C
3378,0,2,"Bennett, Mr. Morgan 1378",male,27.74,1,0,SYN-01378,27.3926,,C
3379,0,2,"Carter, Mr. Taylor 1379",male,,2,0,SYN-01379,56.8083,,Q
3380,0,3,"Davis, Mr. Jordan 1380",male,,0,0,SYN-01380,12.2674,,S
3381,0,2,"Evans, Mr. Casey 1381",male,16.35,0,1,SYN-01381,29.3916,,C
3382,1,2,"Foster, Mrs. Riley 1382",female,,1,0,SYN-01382,19.6049,,C
3383,0,3,"Green, Mr. Avery 1383",male,41.29,0,1,SYN-01383,6.5317,D140,Q
3384,0,2,"Hall, Mr. Jamie 1384",male,50.68,1,0,SYN-01384,10.2906,,C
3385,1,3,"Anderson, Mr. Alex 1385",male,35.2,1,1,SYN-01385,20.0734,,S
3386,0,2,"Bennett, Mrs. Morgan 1386",female,42.94,0,0,SYN-01386,11.4861,,S
3387,0,3,"Carter, Mr. Taylor 1387",male,25.84,0,0,SYN-01387,15.0716,,Q
3388,0,3,"Davis, Mrs. Jordan 1388",female,23.3,1,1,SYN-01388,12.571,G130,S
3389,0,3,"Evans, Mr. Casey 1389",male,10.18,0,1,SYN-01389,16.5662,B28,C
3390,1,3,"Foster, Mrs. Riley 1390",female,,0,0,SYN-01390,7.5345,,C
3391,1,2,"Green, Mr. Avery 1391",male,33.77,0,2,SYN-01391,12.9466,,C
3392,1,3,"Hall, Mr. Jamie 1392",male,15.14,2,0,SYN-01392,12.3134,,C
3393,1,3,"Anderson, Mrs. Alex 1393",female,17.66,0,1,SYN-01393,8.5147,,Q
3394,0,3,"Bennett, Mrs. Morgan 1394",female,38.9,1,1,SYN-01394,5.0811,,Q
3395,0,3,"Carter, Mr. Taylor 1395",male,42.41,0,0,SYN-01395,29.0429,,S
3396,1,3,"Davis, Mrs. Jordan 1396",female,7.12,0,2,SYN-01396,6.4709,,S
3397,0,3,"Evans, Mr. Casey 1397",male,,0,1,SYN-01397,5.7897,,S
3398,0,3,"Foster, Mr. Riley 1398",male,22.54,0,0,SYN-01398,8.7531,,S
3399,1,1,"Green, Mr. Avery 1399",male,30.23,1,0,SYN-01399,139.4307,D139,C
3400,0,3,"Hall, Mr. Jamie 1400",male,49.84,2,1,SYN-01400,3.037,A90,C
3401,1,3,"Anderson, Mr. Alex 1401",male,41.3,0,0,SYN-01401,19.0301,B117,S
3402,1,1,"Bennett, Mrs. Morgan 1402",female,41.14,1,1,SYN-01402,42.4015,,S
3403,0,3,"Carter, Mr. Taylor 1403",male,56.72,0,0,SYN-01403,11.566,,S
3404,1,3,"Davis, Mrs. Jordan 1404",female,,0,0,SYN-01404,6.8949,E76,C
3405,1,1,"Evans, Mrs. Casey 1405",female,16.2,2,1,SYN-01405,209.3588,F110,S
3406,1,3,"Foster, Mrs. Riley 1406",female,19.89,1,1,SYN-01406,10.7094,,S
3407,0,3,"Green, Mr. Avery 1407",male,26.44,2,0,SYN-01407,6.7743,,S
3408,1,3,"Hall, Mrs. Jamie 1408",female,0.17,2,1,SYN-01408,8.4738,D85,S
3409,0,2,"Anderson, Mr. Alex 1409",male,,0,0,SYN-01409,21.0107,,S
3410,0,3,"Bennett, Mr. Morgan 1410",male,22.38,0,0,SYN-01410,11.0266,,C
3411,1,2,"Carter, Mr. Taylor 1411",male,40.97,1,0,SYN-01411,25.4586,,Q
3412,0,3,"Davis, Mr. Jordan 1412",male,,0,0,SYN-01412,9.9923,,S
3413,0,1,"Evans, Mr. Casey 1413",male,21.59,0,1,SYN-01413,32.8206,,S
3414,1,3,"Foster, Mr. Riley 1414",male,38.26,2,0,SYN-01414,8.2932,,S
3415,1,3,"Green, Mrs. Avery 1415",female,,0,0,SYN-01415,13.9607,,S
3416,1,3,"Hall, Mr. Jamie 1416",male,19.24,0,0,SYN-01416,6.9182,,S
3417,0,3,"Anderson, Mr. Alex 1417",male,23.1,1,0,SYN-01417,14.4778,,S
3418,1,3,"Bennett, Mr. Morgan 1418",male,0.17,0,1,SYN-01418,10.176,,S
3419,1,3,"Carter, Mr. Taylor 1419",male,,1,1,SYN-01419,8.8714,,C
3420,1,2,"Davis, Mr. Jordan 1420",male,,1,0,SYN-01420,38.5714,D147,S
3421,0,3,"Evans, Mr. Casey 1421",male,31.04,1,1,SYN-01421,3.8444,B60,C
3422,0,3,"Foster, Mr. Riley 1422",male,16.76,0,1,SYN-01422,6.8975,,S
3423,0,3,"Green, Mr. Avery 1423",male,22.81,0,1,SYN-01423,19.6961,C30,S
3424,0,3,"Hall, Mr. Jamie 1424",male,12.85,1,0,SYN-01424,27.3608,,S
3425,0,3,"Anderson, Mr. Alex 1425",male,,0,0,SYN-01425,35.159,,S
3426,0,3,"Bennett, Mr. Morgan 1426",male,,1,1,SYN-01426,10.2808,,S
3427,1,3,"Carter, Mrs. Taylor 1427",female,,0,0,SYN-01427,12.8639,,C
3428,0,1,"Davis, Mrs. Jordan 1428",female,30.17,0,0,SYN-01428,109.7363,,Q
3429,0,3,"Evans, Mr. Casey 1429",male,8.42,0,0,SYN-01429,20.1635,C99,S
3430,0,3,"Foster, Mr. Riley 1430",male,21.32,0,0,SYN-01430,11.8792,A58,S
3431,1,3,"Green, Mr. Avery 1431",male,8.95,0,0,SYN-01431,16.6426,,S
3432,1,3,"Hall, Mr. Jamie 1432",male,24.35,3,0,SYN-01432,12.8772,G147,C
3433,1,1,"Anderson, Mrs. Alex 1433",female,31.05,2,1,SYN-01433,93.2905,,S
3434,1,2,"Bennett, Mrs. Morgan 1434",female,49.96,0,0,SYN-01434,12.0689,,S
3435,1,3,"Carter, Mrs. Taylor 1435",female,41.37,2,0,SYN-01435,8.3438,,C
3436,1,2,"Davis, Mr. Jordan 1436",male,16.17,0,0,SYN-01436,15.0024,,C
3437,1,1,"Evans, Mrs. Casey 1437",female,39.5,0,0,SYN-01437,36.4012,,S
3438,0,1,"Foster, Mr. Riley 1438",male,,0,0,SYN-01438,28.2223,,S
3439,0,3,"Green, Mr. Avery 1439",male,4.9,1,0,SYN-01439,7.9216,,S
3440,0,3,"Hall, Mr. Jamie 1440",male,41.88,2,1,SYN-01440,8.6491,,S
3441,1,1,"Anderson, Mrs. Alex 1441",female,27.75,2,0,SYN-01441,74.163,,S
3442,1,1,"Bennett, Mrs. Morgan 1442",female,10.26,0,0,SYN-01442,95.026,D37,C
3443,1,3,"Carter, Mrs. Taylor 1443",female,36.37,1,0,SYN-01443,11.0901,B86,S
3444,0,1,"Davis, Mrs. Jordan 1444",female,11.46,0,0,SYN-01444,60.7759,,C
3445,1,3,"Evans, Mrs. Casey 1445",female,26.81,0,0,SYN-01445,6.0452,A101,S
3446,1,3,"Foster, Mr. Riley 1446",male,29.48,0,0,SYN-01446,16.1994,,C
3447,1,1,"Green, Mr. Avery 1447",male,19.93,1,0,SYN-01447,66.1876,E5,S
3448,0,3,"Hall, Mr. Jamie 1448",male,,1,1,SYN-01448,7.8774,,S
3449,1,1,"Anderson, Mr. Alex 1449",male,29.39,1,0,SYN-01449,63.1773,,S
3450,1,2,"Bennett, Mrs. Morgan 1450",female,32.33,2,0,SYN-01450,13.3661,,S
3451,1,3,"Carter, Mr. Taylor 1451",male,,1,0,SYN-01451,7.4687,,S
3452,0,3,"Davis, Mr. Jordan 1452",male,13.84,1,1,SYN-01452,7.3392,,S
3453,1,3,"Evans, Mr. Casey 1453",male,,0,0,SYN-01453,8.5382,,C
3454,1,1,"Foster, Mr. Riley 1454",male,0.17,0,1,SYN-01454,100.3998,,C
3455,1,2,"Green, Mrs. Avery 1455",female,37.91,0,0,SYN-01455,25.0192,,S
3456,0,3,"Hall, Mrs. Jamie 1456",female,13.03,2,0,SYN-01456,23.413,,S
3457,0,3,"Anderson, Mrs. Alex 1457",female,,0,1,SYN-01457,19.4731,,S
3458,0,3,"Bennett, Mr. Morgan 1458",male,35.19,0,0,SYN-01458,29.3302,,S
3459,1,1,"Carter, Mr. Taylor 1459",male,,0,0,SYN-01459,95.205,A93,S
3460,0,3,"Davis, Mr. Jordan 1460",male,13.14,0,0,SYN-01460,13.4812,,S
3461,1,3,"Evans, Mr. Casey 1461",male,29.09,0,0,SYN-01461,7.6485,,S
3462,0,3,"Foster, Mr. Riley 1462",male,53.38,1,0,SYN-01462,15.7508,,S
3463,0,2,"Green, Mrs. Avery 1463",female,54.0,1,0,SYN-01463,13.9415,B79,S
3464,1,3,"Hall, Mrs. Jamie 1464",female,43.82,0,0,SYN-01464,4.4541,,S
3465,1,2,"Anderson, Mr. Alex 1465",male,34.72,1,0,SYN-01465,46.3032,,S
3466,0,3,"Bennett, Mr. Morgan 1466",male,,0,1,SYN-01466,5.0306,,C
3467,1,3,"Carter, Mr. Taylor 1467",male,40.06,3,2,SYN-01467,12.7299,,S
3468,1,3,"Davis, Mrs. Jordan 1468",female,,0,1,SYN-01468,6.162,,S
3469,0,3,"Evans, Mr. Casey 1469",male,,0,1,SYN-01469,18.5831,,Q
3470,1,3,"Foster, Mrs. Riley 1470",female,21.14,2,0,SYN-01470,20.0295,C73,S
3471,0,3,"Green, Mr. Avery 1471",male,27.58,1,0,SYN-01471,13.3783,,S
3472,1,3,"Hall, Mrs. Jamie 1472",female,,0,1,SYN-01472,19.8477,,S
3473,1,3,"Anderson, Mrs. Alex 1473",female,33.45,0,1,SYN-01473,10.0404,,S
3474,0,1,"Bennett, Mr. Morgan 1474",male,36.91,0,0,SYN-01474,239.1979,,S
3475,0,3,"Carter, Mr. Taylor 1475",male,21.89,2,1,SYN-01475,15.0741,,C
3476,1,3,"Davis, Mr. Jordan 1476",male,11.19,0,0,SYN-01476,6.0939,,S
3477,0,3,"Evans, Mr. Casey 1477",male,52.75,0,0,SYN-01477,10.3903,,S
3478,0,3,"Foster, Mr. Riley 1478",male,64.85,0,0,SYN-01478,9.1955,,S
3479,0,3,"Green, Mr. Avery 1479",male,36.26,0,1,SYN-01479,8.7133,,S
3480,0,2,"Hall, Mr. Jamie 1480",male,11.46,0,2,SYN-01480,8.039,,C
3481,0,3,"Anderson, Mr. Alex 1481",male,19.18,0,0,SYN-01481,12.3711,,S
3482,1,1,"Bennett, Mrs. Morgan 1482",female,37.13,0,0,SYN-01482,32.6659,,C
3483,1,2,"Carter, Mr. Taylor 1483",male,3.25,0,0,SYN-01483,4.9866,A96,S
3484,1,2,"Davis, Mrs. Jordan 1484",female,,1,0,SYN-01484,16.5523,,S
3485,0,2,"Evans, Mr. Casey 1485",male,28.26,0,1,SYN-01485,13.197,B21,S
3486,0,2,"Foster, Mrs. Riley 1486",female,32.74,0,0,SYN-01486,12.4521,,S
3487,1,3,"Green, Mr. Avery 1487",male,42.1,1,2,SYN-01487,1.8146,,S
3488,1,2,"Hall, Mr. Jamie 1488",male,25.19,0,0,SYN-01488,12.5255,,S
3489,0,3,"Anderson, Mr. Alex 1489",male,8.11,1,0,SYN-01489,9.0892,,S
3490,0,1,"Bennett, Mr. Morgan 1490",male,38.7,0,0,SYN-01490,49.3882,,S
3491,0,3,"Carter, Mrs. Taylor 1491",female,45.75,0,0,SYN-01491,12.3743,,S
3492,0,3,"Davis, Mr. Jordan 1492",male,,1,0,SYN-01492,21.5107,,Q
3493,0,2,"Evans, Mr. Casey 1493",male,,0,0,SYN-01493,26.5687,G141,S
3494,0,3,"Foster, Mr. Riley 1494",male,,0,0,SYN-01494,17.586,,S
3495,0,3,"Green, Mr. Avery 1495",male,18.16,0,0,SYN-01495,18.4047,B51,S
3496,1,3,"Hall, Mr. Jamie 1496",male,44.37,1,0,SYN-01496,5.71,,S
3497,1,2,"Anderson, Mr. Alex 1497",male,35.42,0,0,SYN-01497,25.4635,,S
3498,1,3,"Bennett, Mr. Morgan 1498",male,36.87,1,0,SYN-01498,17.2864,,S
3499,1,3,"Carter, Mrs. Taylor 1499",female,51.03,1,0,SYN-01499,7.868,,S
3500,1,2,"Davis, Mr. Jordan 1500",male,15.23,0,1,SYN-01500,12.9473,,S
3501,0,3,"Evans, Mr. Casey 1501",male,22.27,1,0,SYN-01501,13.3873,,S
3502,0,2,"Foster, Mr. Riley 1502",male,32.21,0,0,SYN-01502,8.8537,,S
3503,0,3,"Green, Mr. Avery 1503",male,22.1,0,1,SYN-01503,5.4969,,Q
3504,0,1,"Hall, Mr. Jamie 1504",male,40.96,1,0,SYN-01504,48.5105,,S
3505,0,1,"Anderson, Mr. Alex 1505",male,,1,1,SYN-01505,89.6827,,C
3506,0,3,"Bennett, Mr. Morgan 1506",male,16.1,1,0,SYN-01506,11.2795,,S
3507,1,3,"Carter, Mr. Taylor 1507",male,30.92,1,0,SYN-01507,17.6439,,S
3508,0,3,"Davis, Mr. Jordan 1508",male,32.38,2,2,SYN-01508,6.0228,,C
3509,1,3,"Evans, Mrs. Casey 1509",female,43.09,1,1,SYN-01509,5.8479,,S
3510,0,2,"Foster, Mr. Riley 1510",male,35.5,0,0,SYN-01510,26.6792,,C
3511,1,2,"Green, Mrs. Avery 1511",female,36.46,0,0,SYN-01511,12.8902,,S
3512,1,1,"Hall, Mrs. Jamie 1512",female,34.48,1,0,SYN-01512,50.2278,,S
3513,0,3,"Anderson, Mr. Alex 1513",male,,1,0,SYN-01513,3.6016,G78,C
3514,1,1,"Bennett, Mr. Morgan 1514",male,19.97,1,0,SYN-01514,82.1429,,S
3515,1,3,"Carter, Mr. Taylor 1515",male,34.04,1,1,SYN-01515,23.3429,,Q
3516,1,1,"Davis, Mrs. Jordan 1516",female,,0,0,SYN-01516,39.7411,,Q
3517,1,1,"Evans, Mrs. Casey 1517",female,53.66,1,0,SYN-01517,122.7847,D156,S
3518,0,2,"Foster, Mr. Riley 1518",male,48.79,0,0,SYN-01518,19.3572,C149,S
3519,1,1,"Green, Mrs. Avery 1519",female,38.86,0,0,SYN-01519,26.5099,,C
3520,1,1,"Hall, Mrs. Jamie 1520",female,35.3,0,0,SYN-01520,42.7939,,S
3521,0,3,"Anderson, Mrs. Alex 1521",female,28.77,0,0,SYN-01521,5.9093,,C
3522,1,2,"Bennett, Mr. Morgan 1522",male,,0,0,SYN-01522,16.8044,,S
3523,0,3,"Carter, Mr. Taylor 1523",male,26.97,2,0,SYN-01523,12.5952,,S
3524,0,3,"Davis, Mr. Jordan 1524",male,31.42,0,1,SYN-01524,27.6463,,S
3525,1,3,"Evans, Mr. Casey 1525",male,33.21,1,0,SYN-01525,4.5515,,
3526,1,3,"Foster, Mrs. Riley 1526",female,36.57,1,0,SYN-01526,7.6596,,C
3527,1,2,"Green, Mrs. Avery 1527",female,42.9,0,0,SYN-01527,12.2184,D126,S
3528,0,1,"Hall, Mr. Jamie 1528",male,20.31,0,0,SYN-01528,34.8519,,S
3529,1,2,"Anderson, Mrs. Alex 1529",female,,0,0,SYN-01529,21.078,,S
3530,1,3,"Bennett, Mrs. Morgan 1530",female,50.31,1,0,SYN-01530,10.0081,,S
3531,0,3,"Carter, Mrs. Taylor 1531",female,,2,1,SYN-01531,3.6877,,S
3532,1,2,"Davis, Mrs. Jordan 1532",female,24.53,1,1,SYN-01532,20.2007,,S
3533,0,3,"Evans, Mr. Casey 1533",male,,0,0,SYN-01533,5.1532,,S
3534,0,3,"Foster, Mr. Riley 1534",male,28.56,1,0,SYN-01534,10.0653,A132,S
3535,1,3,"Green, Mrs. Avery 1535",female,16.95,0,1,SYN-01535,20.1018,,S
3536,0,3,"Hall, Mr. Jamie 1536",male,36.62,0,1,SYN-01536,12.9006,,S
3537,0,3,"Anderson, Mr. Alex 1537",male,,0,3,SYN-01537,11.0256,,S
3538,0,3,"Bennett, Mr. Morgan 1538",male,,1,1,SYN-01538,7.4765,F87,Q
3539,0,3,"Carter, Mr. Taylor 1539",male,,2,1,SYN-01539,10.3746,,S
3540,1,1,"Davis, Mr. Jordan 1540",male,,1,0,SYN-01540,95.4197,E42,S
3541,1,1,"Evans, Mr. Casey 1541",male,23.21,0,0,SYN-01541,90.3586,,C
3542,1,3,"Foster, Mrs. Riley 1542",female,47.2,0,0,SYN-01542,,,S
3543,1,3,"Green, Mr. Avery 1543",male,35.63,0,0,SYN-01543,11.27,,C
3544,1,2,"Hall, Mrs. Jamie 1544",female,13.1,0,0,SYN-01544,9.6951,,S
3545,0,3,"Anderson, Mr. Alex 1545",male,7.66,0,0,SYN-01545,6.6772,,S
3546,0,1,"Bennett, Mr. Morgan 1546",male,56.85,0,1,SYN-01546,103.3016,,S
3547,1,3,"Carter, Mrs. Taylor 1547",female,2.06,0,1,SYN-01547,15.8902,,S
3548,0,1,"Davis, Mr. Jordan 1548",male,51.27,1,0,SYN-01548,73.6979,,S
3549,1,3,"Evans, Mrs. Casey 1549",female,0.17,2,0,SYN-01549,22.5563,,S
3550,0,3,"Foster, Mrs. Riley 1550",female,43.13,0,0,SYN-01550,13.2235,,S
3551,1,2,"Green, Mrs. Avery 1551",female,29.88,1,0,SYN-01551,17.5932,,S
3552,1,1,"Hall, Mr. Jamie 1552",male,0.17,2,0,SYN-01552,35.7887,,C
3553,1,3,"Anderson, Mrs. Alex 1553",female,36.25,1,1,SYN-01553,22.0627,,S
3554,0,1,"Bennett, Mr. Morgan 1554",male,46.11,0,1,SYN-01554,106.9295,,Q
3555,1,1,"Carter, Mrs. Taylor 1555",female,12.67,0,1,SYN-01555,188.2115,,S
3556,0,3,"Davis, Mr. Jordan 1556",male,38.19,1,1,SYN-01556,32.9289,F105,S
3557,0,2,"Evans, Mr. Casey 1557",male,24.24,0,0,SYN-01557,9.8544,,S
3558,1,2,"Foster, Mr. Riley 1558",male,7.62,0,0,SYN-01558,9.8685,,S
3559,0,2,"Green, Mr. Avery 1559",male,,0,0,SYN-01559,4.1411,F81,C
3560,0,3,"Hall, Mr. Jamie 1560",male,,0,0,SYN-01560,16.5715,,S
3561,0,2,"Anderson, Mr. Alex 1561",male,45.81,2,0,SYN-01561,28.6971,,S
3562,1,1,"Bennett, Mr. Morgan 1562",male,2.17,0,0,SYN-01562,73.8676,C15,C
3563,1,2,"Carter, Mr. Taylor 1563",male,8.79,1,1,SYN-01563,10.1895,,S
3564,1,1,"Davis, Mr. Jordan 1564",male,,0,0,SYN-01564,66.6548,,S
3565,0,2,"Evans, Mr. Casey 1565",male,,0,1,SYN-01565,22.1385,B70,C
3566,1,1,"Foster, Mr. Riley 1566",male,30.62,0,1,SYN-01566,107.6617,F9,S
3567,1,1,"Green, Mrs. Avery 1567",female,35.51,1,0,SYN-01567,81.34,,S
3568,1,2,"Hall, Mrs. Jamie 1568",female,9.98,0,0,SYN-01568,28.8129,,C
3569,0,3,"Anderson, Mr. Alex 1569",male,,1,0,SYN-01569,9.3401,,S
3570,1,1,"Bennett, Mr. Morgan 1570",male,38.42,1,0,SYN-01570,134.0631,,S
3571,0,1,"Carter, Mr. Taylor 1571",male,1.79,0,1,SYN-01571,99.0819,B13,S
3572,0,3,"Davis, Mr. Jordan 1572",male,27.58,4,1,SYN-01572,5.2058,,C
3573,0,3,"Evans, Mr. Casey 1573",male,2.7,0,0,SYN-01573,21.47,,S
3574,0,3,"Foster, Mr. Riley 1574",male,25.35,0,2,SYN-01574,19.622,,S
3575,1,2,"Green, Mrs. Avery 1575",female,30.1,1,0,SYN-01575,25.8353,,S
3576,1,2,"Hall, Mrs. Jamie 1576",female,32.36,4,0,SYN-01576,23.339,A2,S
3577,1,1,"Anderson, Mr. Alex 1577",male,,0,0,SYN-01577,174.2919,,S
3578,0,1,"Bennett, Mr. Morgan 1578",male,33.42,1,1,SYN-01578,28.5077,,S
3579,0,2,"Carter, Mr. Taylor 1579",male,,0,1,SYN-01579,39.5832,,S
3580,0,3,"Davis, Mr. Jordan 1580",male,34.01,2,0,SYN-01580,7.6958,,S
3581,1,2,"Evans, Mr. Casey 1581",male,44.03,0,0,SYN-01581,36.528,E34,S
3582,0,3,"Foster, Mrs. Riley 1582",female,28.66,0,0,SYN-01582,10.6845,,S
3583,0,2,"Green, Mr. Avery 1583",male,34.45,1,0,SYN-01583,10.0958,,S
3584,1,2,"Hall, Mrs. Jamie 1584",female,27.39,0,2,SYN-01584,15.2205,,S
3585,1,3,"Anderson, Mr. Alex 1585",male,20.95,0,0,SYN-01585,17.5409,,S
3586,0,3,"Bennett, Mr. Morgan 1586",male,37.32,2,3,SYN-01586,8.9082,,S
3587,1,2,"Carter, Mrs. Taylor 1587",female,22.23,1,0,SYN-01587,14.2096,,Q
3588,0,3,"Davis, Mr. Jordan 1588",male,35.41,0,1,SYN-01588,7.0787,,S
3589,1,2,"Evans, Mrs. Casey 1589",female,30.4,0,0,SYN-01589,28.4733,,S
3590,1,1,"Foster, Mrs. Riley 1590",female,25.74,0,0,SYN-01590,183.3404,,S
3591,1,3,"Green, Mrs. Avery 1591",female,14.01,0,0,SYN-01591,3.0805,,S
3592,1,1,"Hall, Mrs. Jamie 1592",female,22.89,0,0,SYN-01592,326.6443,,S
3593,1,2,"Anderson, Mr. Alex 1593",male,6.96,0,1,SYN-01593,22.3716,,Q
3594,0,3,"Bennett, Mr. Morgan 1594",male,35.36,0,0,SYN-01594,13.7592,D88,S
3595,0,1,"Carter, Mr. Taylor 1595",male,,0,0,SYN-01595,55.067,,S
3596,0,1,"Davis, Mr. Jordan 1596",male,,1,1,SYN-01596,69.8648,B113,S
3597,0,2,"Evans, Mrs. Casey 1597",female,22.56,0,0,SYN-01597,22.2338,,S
3598,1,3,"Foster, Mrs. Riley 1598",female,56.54,1,0,SYN-01598,5.6158,,S
3599,0,3,"Green, Mr. Avery 1599",male,24.68,1,0,SYN-01599,6.4203,,Q
3600,1,2,"Hall, Mrs. Jamie 1600",female,17.75,1,1,SYN-01600,38.3688,,
3601,1,1,"Anderson, Mr. Alex 1601",male,,0,1,SYN-01601,29.8058,,S
3602,1,3,"Bennett, Mrs. Morgan 1602",female,12.52,2,1,SYN-01602,12.7452,,S
3603,1,1,"Carter, Mr. Taylor 1603",male,51.46,1,0,SYN-01603,57.0947,C90,S
3604,0,3,"Davis, Mr. Jordan 1604",male,49.19,2,0,SYN-01604,5.8955,,S
3605,0,3,"Evans, Mrs. Casey 1605",female,38.41,3,0,SYN-01605,29.5815,A23,
3606,1,2,"Foster, Mrs. Riley 1606",female,7.87,1,2,SYN-01606,11.8314,,S
3607,0,2,"Green, Mr. Avery 1607",male,55.36,0,0,SYN-01607,10.7422,,Q
3608,1,1,"Hall, Mrs. Jamie 1608",female,25.08,1,1,SYN-01608,63.1593,,S
3609,1,1,"Anderson, Mr. Alex 1609",male,26.23,1,0,SYN-01609,45.8689,,C
3610,1,2,"Bennett, Mr. Morgan 1610",male,50.12,0,0,SYN-01610,20.0703,,C
3611,0,3,"Carter, Mrs. Taylor 1611",female,39.22,1,0,SYN-01611,10.8923,,S
3612,0,2,"Davis, Mr. Jordan 1612",male,60.82,0,1,SYN-01612,22.7552,,S
3613,0,3,"Evans, Mr. Casey 1613",male,33.48,0,1,SYN-01613,9.3413,E152,S
3614,1,3,"Foster, Mr. Riley 1614",male,,0,0,SYN-01614,6.7964,A14,Q
3615,1,1,"Green, Mr. Avery 1615",male,21.43,1,0,SYN-01615,99.7201,E103,S
3616,1,1,"Hall, Mrs. Jamie 1616",female,4.14,3,1,SYN-01616,65.8292,,C
3617,1,2,"Anderson, Mrs. Alex 1617",female,26.1,1,1,SYN-01617,15.2281,,S
3618,1,3,"Bennett, Mr. Morgan 1618",male,46.02,1,1,SYN-01618,22.5691,,S
3619,1,2,"Carter, Mr. Taylor 1619",male,,1,1,SYN-01619,18.7091,A68,C
3620,1,3,"Davis, Mrs. Jordan 1620",female,30.28,0,1,SYN-01620,18.232,,S
3621,1,3,"Evans, Mrs. Casey 1621",female,16.07,1,0,SYN-01621,19.6356,,C
3622,1,3,"Foster, Mr. Riley 1622",male,33.18,2,1,SYN-01622,20.3037,G17,S
3623,0,3,"Green, Mr. Avery 1623",male,44.18,0,0,SYN-01623,14.6248,,S
3624,1,3,"Hall, Mrs. Jamie 1624",female,,0,1,SYN-01624,9.9965,,S
3625,1,3,"Anderson, Mr. Alex 1625",male,32.33,2,2,SYN-01625,9.6539,,S
3626,0,3,"Bennett, Mr. Morgan 1626",male,18.84,1,2,SYN-01626,8.7436,,C
3627,0,3,"Carter, Mr. Taylor 1627",male,3.1,1,0,SYN-01627,3.0368,,S
3628,0,3,"Davis, Mrs. Jordan 1628",female,0.17,1,0,SYN-01628,14.8489,,S
3629,1,3,"Evans, Mrs. Casey 1629",female,35.36,0,1,SYN-01629,11.4391,G119,S
3630,1,3,"Foster, Mr. Riley 1630",male,65.98,0,1,SYN-01630,15.7466,C121,S
3631,1,3,"Green, Mr. Avery 1631",male,8.88,0,1,SYN-01631,9.3768,,C
3632,1,3,"Hall, Mr. Jamie 1632",male,26.62,0,2,SYN-01632,14.4146,G87,S
3633,1,3,"Anderson, Mr. Alex 1633",male,29.89,1,1,SYN-01633,4.6878,,Q
3634,1,2,"Bennett, Mr. Morgan 1634",male,23.52,0,1,SYN-01634,10.5132,G97,S
3635,0,3,"Carter, Mr. Taylor 1635",male,44.51,1,0,SYN-01635,2.5617,,S
3636,0,3,"Davis, Mr. Jordan 1636",male,,0,0,SYN-01636,9.2877,,S
3637,0,3,"Evans, Mr. Casey 1637",male,,1,0,SYN-01637,6.5384,,S
3638,0,2,"Foster, Mr. Riley 1638",male,,0,0,SYN-01638,12.1688,,S
3639,1,3,"Green, Mrs. Avery 1639",female,30.23,0,1,SYN-01639,12.0209,,C
3640,0,3,"Hall, Mr. Jamie 1640",male,,0,3,SYN-01640,7.9134,,S
3641,1,3,"Anderson, Mr. Alex 1641",male,,0,0,SYN-01641,4.5466,,Q
3642,0,3,"Bennett, Mrs. Morgan 1642",female,,0,1,SYN-01642,40.5367,,S
3643,0,3,"Carter, Mr. Taylor 1643",male,,0,1,SYN-01643,9.7985,,S
3644,1,3,"Davis, Mrs. Jordan 1644",female,22.39,1,0,SYN-01644,5.5115,,S
3645,1,1,"Evans, Mrs. Casey 1645",female,46.06,0,2,SYN-01645,48.4284,E90,S
3646,0,3,"Foster, Mr. Riley 1646",male,11.3,0,1,SYN-01646,9.0917,,S
3647,1,2,"Green, Mrs. Avery 1647",female,,1,0,SYN-01647,18.1623,,Q
3648,1,3,"Hall, Mr. Jamie 1648",male,30.45,1,0,SYN-01648,20.4662,,Q
3649,0,3,"Anderson, Mr. Alex 1649",male,49.19,1,0,SYN-01649,9.5725,G74,S
3650,0,2,"Bennett, Mr. Morgan 1650",male,,0,0,SYN-01650,55.4841,B82,S
3651,1,1,"Carter, Mrs. Taylor 1651",female,25.29,0,0,SYN-01651,55.1834,,S
3652,1,1,"Davis, Mrs. Jordan 1652",female,3.98,0,0,SYN-01652,88.5029,D115,S
3653,1,3,"Evans, Mrs. Casey 1653",female,36.33,1,0,SYN-01653,17.5433,,S
3654,1,3,"Foster, Mrs. Riley 1654",female,39.26,1,0,SYN-01654,19.2964,,S
3655,1,1,"Green, Mr. Avery 1655",male,5.06,1,0,SYN-01655,144.0305,,C
3656,0,3,"Hall, Mr. Jamie 1656",male,,2,1,SYN-01656,8.6105,,
3657,0,2,"Anderson, Mrs. Alex 1657",female,,1,0,SYN-01657,19.9397,,S
3658,0,3,"Bennett, Mr. Morgan 1658",male,45.85,0,0,SYN-01658,2.5572,,Q
3659,0,2,"Carter, Mr. Taylor 1659",male,38.17,0,4,SYN-01659,17.956,,S
3660,1,1,"Davis, Mrs. Jordan 1660",female,39.15,1,1,SYN-01660,127.5725,,S
3661,1,1,"Evans, Mrs. Casey 1661",female,37.29,0,2,SYN-01661,114.6352,,Q
3662,0,3,"Foster, Mr. Riley 1662",male,42.16,1,0,SYN-01662,9.5355,,S
3663,0,3,"Green, Mr. Avery 1663",male,,1,0,SYN-01663,25.4601,B56,S
3664,0,3,"Hall, Mrs. Jamie 1664",female,8.99,0,0,SYN-01664,8.0961,,S
3665,0,3,"Anderson, Mr. Alex 1665",male,,1,0,SYN-01665,6.7444,,C
3666,0,2,"Bennett, Mr. Morgan 1666",male,28.18,1,1,SYN-01666,15.4598,,S
3667,0,2,"Carter, Mr. Taylor 1667",male,35.43,1,0,SYN-01667,10.7874,,S
3668,1,2,"Davis, Mrs. Jordan 1668",female,,1,1,SYN-01668,28.1641,G145,S
3669,1,3,"Evans, Mrs. Casey 1669",female,,0,0,SYN-01669,11.7195,,S
3670,0,1,"Foster, Mr. Riley 1670",male,46.08,0,0,SYN-01670,97.9037,,S
3671,1,3,"Green, Mrs. Avery 1671",female,17.79,0,0,SYN-01671,7.962,C127,S
3672,0,2,"Hall, Mr. Jamie 1672",male,,0,1,SYN-01672,19.3713,,Q
3673,1,1,"Anderson, Mr. Alex 1673",male,,0,1,SYN-01673,21.1231,C129,S
3674,1,2,"Bennett, Mrs. Morgan 1674",female,27.36,0,1,SYN-01674,24.5978,,C
3675,0,1,"Carter, Mr. Taylor 1675",male,34.51,1,0,SYN-01675,73.9107,,C
3676,0,3,"Davis, Mr. Jordan 1676",male,0.17,0,0,SYN-01676,5.4592,,Q
3677,0,3,"Evans, Mr. Casey 1677",male,1.59,0,1,SYN-01677,9.4406,,C
3678,0,2,"Foster, Mr. Riley 1678",male,37.93,0,0,SYN-01678,17.3556,,S
3679,1,3,"Green, Mr. Avery 1679",male,21.66,1,1,SYN-01679,,,C
3680,1,3,"Hall, Mr. Jamie 1680",male,56.98,0,0,SYN-01680,5.5788,,S
3681,0,3,"Anderson, Mr. Alex 1681",male,,1,1,SYN-01681,11.9996,,S
3682,0,3,"Bennett, Mr. Morgan 1682",male,,1,2,SYN-01682,5.4885,,S
3683,0,3,"Carter, Mr. Taylor 1683",male,23.18,0,2,SYN-01683,7.3578,,S
3684,0,3,"Davis, Mrs. Jordan 1684",female,53.13,0,0,SYN-01684,11.6445,,S
3685,1,3,"Evans, Mrs. Casey 1685",female,,0,0,SYN-01685,8.9025,,C
3686,1,3,"Foster, Mrs. Riley 1686",female,32.09,1,2,SYN-01686,9.9671,,S
3687,1,3,"Green, Mr. Avery 1687",male,46.85,0,0,SYN-01687,12.0081,D126,S
3688,0,1,"Hall, Mr. Jamie 1688",male,9.15,0,0,SYN-01688,53.3549,,S
3689,1,3,"Anderson, Mr. Alex 1689",male,29.24,4,0,SYN-01689,16.2626,,C
3690,1,3,"Bennett, Mr. Morgan 1690",male,45.55,0,0,SYN-01690,8.4534,,S
3691,0,1,"Carter, Mr. Taylor 1691",male,65.54,0,0,SYN-01691,66.3431,,S
3692,0,3,"Davis, Mr. Jordan 1692",male,34.44,0,0,SYN-01692,12.1984,,C
3693,1,3,"Evans, Mrs. Casey 1693",female,31.63,0,0,SYN-01693,11.3298,,C
3694,1,1,"Foster, Mr. Riley 1694",male,32.39,1,0,SYN-01694,99.7653,,S
3695,0,3,"Green, Mr. Avery 1695",male,48.35,0,1,SYN-01695,11.9045,,S
3696,0,3,"Hall, Mr. Jamie 1696",male,21.61,1,0,SYN-01696,12.943,F103,S
3697,1,3,"Anderson, Mrs. Alex 1697",female,26.1,0,0,SYN-01697,8.3614,F77,Q
3698,1,1,"Bennett, Mr. Morgan 1698",male,8.48,0,2,SYN-01698,38.8874,,S
3699,1,2,"Carter, Mr. Taylor 1699",male,13.43,1,1,SYN-01699,9.1206,,S
3700,1,3,"Davis, Mr. Jordan 1700",male,,0,1,SYN-01700,3.9896,,S
3701,0,1,"Evans, Mr. Casey 1701",male,29.22,0,0,SYN-01701,184.5638,,S
3702,0,2,"Foster, Mr. Riley 1702",male,54.77,1,0,SYN-01702,5.9222,,S
3703,1,1,"Green, Mrs. Avery 1703",female,37.5,0,0,SYN-01703,134.9687,,S
3704,1,1,"Hall, Mr. Jamie 1704",male,,2,0,SYN-01704,44.5681,,S
3705,1,3,"Anderson, Mr. Alex 1705",male,19.81,0,0,SYN-01705,19.2042,,C
3706,0,3,"Bennett, Mr. Morgan 1706",male,49.25,0,0,SYN-01706,2.9778,,S
3707,0,3,"Carter, Mrs. Taylor 1707",female,45.77,1,0,SYN-01707,8.7871,,C
3708,0,3,"Davis, Mr. Jordan 1708",male,4.63,2,0,SYN-01708,22.249,F63,S
3709,1,2,"Evans, Mr. Casey 1709",male,23.8,0,0,SYN-01709,29.6066,,S
3710,0,2,"Foster, Mrs. Riley 1710",female,45.75,2,0,SYN-01710,16.6138,,S
3711,0,1,"Green, Mr. Avery 1711",male,16.09,0,0,SYN-01711,24.0433,,S
3712,1,1,"Hall, Mr. Jamie 1712",male,35.49,1,1,SYN-01712,33.8225,,C
3713,0,2,"Anderson, Mr. Alex 1713",male,61.82,1,0,SYN-01713,42.9383,,S
3714,1,1,"Bennett, Mr. Morgan 1714",male,,0,0,SYN-01714,57.7985,A2,Q
3715,1,1,"Carter, Mrs. Taylor 1715",female,,0,0,SYN-01715,67.2887,,S
3716,1,1,"Davis, Mr. Jordan 1716",male,35.75,2,0,SYN-01716,81.8133,,S
3717,1,3,"Evans, Mrs. Casey 1717",female,23.42,0,0,SYN-01717,4.8843,,S
3718,0,3,"Foster, Mr. Riley 1718",male,10.48,0,0,SYN-01718,12.5108,,
3719,0,3,"Green, Mr. Avery 1719",male,39.81,1,1,SYN-01719,7.9391,B158,C
3720,0,3,"Hall, Mr. Jamie 1720",male,45.65,0,0,SYN-01720,11.7532,G26,S
3721,0,3,"Anderson, Mrs. Alex 1721",female,,0,0,SYN-01721,7.2766,F50,S
3722,1,1,"Bennett, Mrs. Morgan 1722",female,24.72,1,1,SYN-01722,29.4673,,C
3723,0,3,"Carter, Mr. Taylor 1723",male,,0,1,SYN-01723,7.9053,,S
3724,0,1,"Davis, Mr. Jordan 1724",male,27.9,0,0,SYN-01724,99.5762,C152,S
3725,1,2,"Evans, Mr. Casey 1725",male,22.13,0,0,SYN-01725,24.8403,,
3726,1,2,"Foster, Mrs. Riley 1726",female,15.85,0,3,SYN-01726,20.3432,,S
3727,1,2,"Green, Mrs. Avery 1727",female,56.49,1,1,SYN-01727,32.7763,,C
3728,0,2,"Hall, Mr. Jamie 1728",male,36.53,1,0,SYN-01728,17.8813,,S
3729,1,3,"Anderson, Mrs. Alex 1729",female,38.01,0,2,SYN-01729,10.3144,,S
3730,0,3,"Bennett, Mr. Morgan 1730",male,,0,0,SYN-01730,7.6807,,Q
3731,0,3,"Carter, Mr. Taylor 1731",male,40.79,0,0,SYN-01731,16.9239,,S
3732,0,3,"Davis, Mrs. Jordan 1732",female,24.22,0,0,SYN-01732,11.7391,,S
3733,0,3,"Evans, Mr. Casey 1733",male,33.82,1,0,SYN-01733,7.3615,E36,Q
3734,1,1,"Foster, Mrs. Riley 1734",female,26.23,1,1,SYN-01734,30.8621,B81,S
3735,1,3,"Green, Mr. Avery 1735",male,36.14,0,1,SYN-01735,18.3626,,S
3736,0,3,"Hall, Mr. Jamie 1736",male,34.78,0,0,SYN-01736,6.6416,,C
3737,1,2,"Anderson, Mr. Alex 1737",male,24.64,0,0,SYN-01737,20.8086,,S
3738,1,2,"Bennett, Mrs. Morgan 1738",female,,1,0,SYN-01738,72.9418,,Q
3739,0,3,"Carter, Mr. Taylor 1739",male,32.05,0,0,SYN-01739,15.54,,S
3740,0,3,"Davis, Mr. Jordan 1740",male,27.14,1,0,SYN-01740,24.2573,,S
3741,1,3,"Evans, Mrs. Casey 1741",female,3.53,0,1,SYN-01741,7.4381,D78,S
3742,1,3,"Foster, Mrs. Riley 1742",female,37.11,0,0,SYN-01742,18.0225,,S
3743,1,2,"Green, Mrs. Avery 1743",female,43.51,0,1,SYN-01743,20.2955,,Q
3744,0,3,"Hall, Mr. Jamie 1744",male,65.4,0,3,SYN-01744,12.23,E36,S
3745,1,2,"Anderson, Mr. Alex 1745",male,,1,1,SYN-01745,60.776,,S
3746,0,2,"Bennett, Mr. Morgan 1746",male,22.46,0,0,SYN-01746,17.1582,,S
3747,0,3,"Carter, Mr. Taylor 1747",male,14.47,1,1,SYN-01747,10.1065,,S
3748,0,1,"Davis, Mr. Jordan 1748",male,32.92,1,1,SYN-01748,42.5946,,S
3749,0,3,"Evans, Mr. Casey 1749",male,32.83,0,0,SYN-01749,16.3013,,S
3750,1,2,"Foster, Mr. Riley 1750",male,2.29,0,0,SYN-01750,14.6932,E29,S
3751,1,3,"Green, Mr. Avery 1751",male,,0,1,SYN-01751,17.5504,C89,Q
3752,1,3,"Hall, Mrs. Jamie 1752",female,2.3,0,1,SYN-01752,4.0355,,C
3753,1,3,"Anderson, Mr. Alex 1753",male,42.97,1,1,SYN-01753,13.5222,,S
3754,0,3,"Bennett, Mr. Morgan 1754",male,19.21,1,1,SYN-01754,7.0185,,C
3755,0,3,"Carter, Mrs. Taylor 1755",female,29.51,1,0,SYN-01755,14.9449,,S
3756,0,3,"Davis, Mr. Jordan 1756",male,8.95,2,1,SYN-01756,9.9257,,S
3757,1,3,"Evans, Mrs. Casey 1757",female,21.85,0,0,SYN-01757,7.4495,D25,S
3758,0,3,"Foster, Mr. Riley 1758",male,26.09,1,1,SYN-01758,8.0847,E20,C
3759,0,1,"Green, Mr. Avery 1759",male,29.84,0,1,SYN-01759,,,S
3760,1,2,"Hall, Mr. Jamie 1760",male,36.72,1,1,SYN-01760,31.7063,,S
3761,1,2,"Anderson, Mrs. Alex 1761",female,50.15,0,0,SYN-01761,11.2344,,S
3762,1,2,"Bennett, Mrs. Morgan 1762",female,40.26,1,1,SYN-01762,17.2677,,S
3763,0,2,"Carter, Mrs. Taylor 1763",female,43.47,0,0,SYN-01763,24.1821,,C
3764,0,2,"Davis, Mrs. Jordan 1764",female,,0,0,SYN-01764,48.5772,,S
3765,1,3,"Evans, Mrs. Casey 1765",female,,0,0,SYN-01765,9.949,,C
3766,1,1,"Foster, Mrs. Riley 1766",female,29.49,0,1,SYN-01766,61.2592,,S
3767,1,3,"Green, Mr. Avery 1767",male,44.13,0,1,SYN-01767,11.6241,,S
3768,1,2,"Hall, Mrs. Jamie 1768",female,11.35,0,0,SYN-01768,6.3938,,C
3769,1,3,"Anderson, Mrs. Alex 1769",female,39.08,1,0,SYN-01769,5.1724,,S
3770,1,1,"Bennett, Mr. Morgan 1770",male,2.93,0,0,SYN-01770,56.9426,B51,S
3771,0,3,"Carter, Mr. Taylor 1771",male,18.22,0,0,SYN-01771,6.7561,,S
3772,1,1,"Davis, Mr. Jordan 1772",male,26.15,0,0,SYN-01772,29.0215,,S
3773,0,3,"Evans, Mr. Casey 1773",male,40.91,0,0,SYN-01773,16.0284,,S
3774,0,2,"Foster, Mr. Riley 1774",male,29.7,0,1,SYN-01774,23.0715,,S
3775,0,3,"Green, Mr. Avery 1775",male,45.92,0,0,SYN-01775,10.802,,C
3776,0,2,"Hall, Mr. Jamie 1776",male,48.41,0,0,SYN-01776,13.6541,,C
3777,0,3,"Anderson, Mr. Alex 1777",male,46.79,0,1,SYN-01777,10.4463,,S
3778,1,2,"Bennett, Mr. Morgan 1778",male,46.88,1,0,SYN-01778,26.5407,,S
3779,0,3,"Carter, Mrs. Taylor 1779",female,,0,1,SYN-01779,8.6442,,S
3780,1,3,"Davis, Mr. Jordan 1780",male,36.76,0,0,SYN-01780,12.77,,C
3781,1,2,"Evans, Mrs. Casey 1781",female,21.49,0,0,SYN-01781,12.9087,,S
3782,1,1,"Foster, Mr. Riley 1782",male,6.91,0,1,SYN-01782,73.8556,,C
3783,1,1,"Green, Mrs. Avery 1783",female,25.98,1,0,SYN-01783,131.2192,,S
3784,1,1,"Hall, Mrs. Jamie 1784",female,,0,1,SYN-01784,137.8417,C129,S
3785,1,3,"Anderson, Mrs. Alex 1785",female,,0,2,SYN-01785,20.7544,F156,S
3786,0,2,"Bennett, Mr. Morgan 1786",male,,0,0,SYN-01786,23.4014,,S
3787,1,1,"Carter, Mrs. Taylor 1787",female,32.48,1,0,SYN-01787,71.2278,,S
3788,0,3,"Davis, Mr. Jordan 1788",male,,0,1,SYN-01788,7.8127,,S
3789,1,1,"Evans, Mr. Casey 1789",male,,0,0,SYN-01789,25.9035,,C
3790,1,2,"Foster, Mrs. Riley 1790",female,,0,2,SYN-01790,9.5452,,S
3791,1,3,"Green, Mr. Avery 1791",male,12.09,0,1,SYN-01791,9.1171,,C
3792,1,3,"Hall, Mrs. Jamie 1792",female,45.55,0,2,SYN-01792,9.4218,,S
3793,0,3,"Anderson, Mrs. Alex 1793",female,22.97,0,0,SYN-01793,21.7433,,S
3794,0,3,"Bennett, Mr. Morgan 1794",male,20.94,0,1,SYN-01794,20.6089,,S
3795,0,3,"Carter, Mr. Taylor 1795",male,47.94,0,0,SYN-01795,6.8553,,S
3796,0,1,"Davis, Mrs. Jordan 1796",female,46.22,0,0,SYN-01796,109.7905,,S
3797,1,3,"Evans, Mr. Casey 1797",male,45.85,0,0,SYN-01797,7.6921,D103,S
3798,0,3,"Foster, Mrs. Riley 1798",female,24.93,1,0,SYN-01798,14.5563,,S
3799,1,3,"Green, Mr. Avery 1799",male,29.29,2,1,SYN-01799,15.5785,G69,Q
3800,0,2,"Hall, Mr. Jamie 1800",male,,0,1,SYN-01800,39.6021,,S
3801,1,1,"Anderson, Mr. Alex 1801",male,40.96,1,0,SYN-01801,53.3856,,S
3802,0,3,"Bennett, Mr. Morgan 1802",male,51.75,0,0,SYN-01802,17.4694,G1,C
3803,0,3,"Carter, Mrs. Taylor 1803",female,,0,2,SYN-01803,3.5699,C44,S
3804,0,3,"Davis, Mr. Jordan 1804",male,57.65,0,1,SYN-01804,20.3994,,Q
3805,0,3,"Evans, Mr. Casey 1805",male,42.56,2,0,SYN-01805,9.8634,,S
3806,0,3,"Foster, Mr. Riley 1806",male,26.71,1,1,SYN-01806,9.9795,,S
3807,0,2,"Green, Mrs. Avery 1807",female,41.6,0,1,SYN-01807,6.5217,,S
3808,0,2,"Hall, Mr. Jamie 1808",male,53.88,4,1,SYN-01808,,,S
3809,0,1,"Anderson, Mr. Alex 1809",male,,0,0,SYN-01809,147.5267,,S
3810,1,1,"Bennett, Mrs. Morgan 1810",female,46.62,1,0,SYN-01810,55.3573,,S
3811,1,1,"Carter, Mrs. Taylor 1811",female,,0,1,SYN-01811,103.6376,D80,S
3812,0,3,"Davis, Mr. Jordan 1812",male,26.97,0,0,SYN-01812,10.1919,,S
3813,1,3,"Evans, Mr. Casey 1813",male,38.06,0,0,SYN-01813,17.9404,,S
3814,0,3,"Foster, Mrs. Riley 1814",female,,0,0,SYN-01814,11.1107,,S
3815,0,2,"Green, Mr. Avery 1815",male,36.07,0,0,SYN-01815,11.98,C114,S
3816,0,3,"Hall, Mr. Jamie 1816",male,36.36,0,1,SYN-01816,10.3153,,S
3817,0,3,"Anderson, Mr. Alex 1817",male,30.72,0,0,SYN-01817,24.1251,,S
3818,0,3,"Bennett, Mr. Morgan 1818",male,,0,0,SYN-01818,13.1483,,S
3819,0,3,"Carter, Mr. Taylor 1819",male,,0,0,SYN-01819,9.3796,,S
3820,0,3,"Davis, Mr. Jordan 1820",male,,1,0,SYN-01820,34.5789,,
3821,1,3,"Evans, Mr. Casey 1821",male,54.05,0,0,SYN-01821,18.9188,D66,Q
3822,0,3,"Foster, Mr. Riley 1822",male,,0,0,SYN-01822,15.6706,C104,S
3823,0,3,"Green, Mr. Avery 1823",male,,0,1,SYN-01823,11.907,,S
3824,1,2,"Hall, Mr. Jamie 1824",male,17.88,1,1,SYN-01824,29.8858,,S
3825,1,2,"Anderson, Mr. Alex 1825",male,40.03,0,2,SYN-01825,30.4241,,S
3826,1,2,"Bennett, Mrs. Morgan 1826",female,49.13,1,0,SYN-01826,6.0206,,S
3827,0,3,"Carter, Mr. Taylor 1827",male,52.74,2,0,SYN-01827,12.4261,,C
3828,0,3,"Davis, Mr. Jordan 1828",male,,1,1,SYN-01828,9.1536,F80,S
3829,1,3,"Evans, Mr. Casey 1829",male,38.04,0,0,SYN-01829,7.5967,,Q
3830,1,2,"Foster, Mr. Riley 1830",male,27.85,0,0,SYN-01830,17.9617,,Q
3831,0,1,"Green, Mr. Avery 1831",male,37.39,0,0,SYN-01831,29.7485,,S
3832,1,3,"Hall, Mr. Jamie 1832",male,34.4,0,1,SYN-01832,3.7064,,S
3833,0,2,"Anderson, Mr. Alex 1833",male,,0,2,SYN-01833,39.6983,,S
3834,1,3,"Bennett, Mrs. Morgan 1834",female,31.93,0,0,SYN-01834,12.8941,,C
3835,1,1,"Carter, Mrs. Taylor 1835",female,,0,2,SYN-01835,18.5661,,S
3836,1,3,"Davis, Mrs. Jordan 1836",female,25.88,1,1,SYN-01836,7.2832,,S
3837,1,3,"Evans, Mrs. Casey 1837",female,26.61,0,1,SYN-01837,16.2304,,S
3838,0,3,"Foster, Mr. Riley 1838",male,53.9,0,0,SYN-01838,8.5727,,S
3839,0,1,"Green, Mr. Avery 1839",male,67.95,1,0,SYN-01839,138.8297,,S
3840,0,3,"Hall, Mr. Jamie 1840",male,,1,0,SYN-01840,17.8134,,C
3841,1,3,"Anderson, Mrs. Alex 1841",female,12.37,0,0,SYN-01841,4.7417,,S
3842,0,3,"Bennett, Mr. Morgan 1842",male,16.6,1,0,SYN-01842,9.242,,C
3843,0,3,"Carter, Mrs. Taylor 1843",female,28.55,0,1,SYN-01843,7.8157,,S
3844,0,1,"Davis, Mr. Jordan 1844",male,,0,0,SYN-01844,32.6033,G137,S
3845,1,3,"Evans, Mrs. Casey 1845",female,38.28,0,0,SYN-01845,4.494,,S
3846,1,2,"Foster, Mr. Riley 1846",male,32.41,0,0,SYN-01846,12.8381,,S
3847,1,2,"Green, Mrs. Avery 1847",female,37.41,0,0,SYN-01847,14.0584,,S
3848,1,3,"Hall, Mr. Jamie 1848",male,0.17,0,0,SYN-01848,11.6856,,S
3849,0,3,"Anderson, Mr. Alex 1849",male,26.58,1,0,SYN-01849,17.7592,,S
3850,0,1,"Bennett, Mr. Morgan 1850",male,29.72,0,1,SYN-01850,92.8514,,C
3851,1,1,"Carter, Mrs. Taylor 1851",female,7.82,1,0,SYN-01851,105.7629,,S
3852,0,1,"Davis, Mr. Jordan 1852",male,13.74,1,1,SYN-01852,60.4523,B115,C
3853,1,1,"Evans, Mr. Casey 1853",male,14.3,1,1,SYN-01853,97.5286,,S
3854,0,3,"Foster, Mr. Riley 1854",male,40.7,0,0,SYN-01854,9.2163,,S
3855,0,1,"Green, Mr. Avery 1855",male,33.43,1,0,SYN-01855,54.9094,,C
3856,1,3,"Hall, Mr. Jamie 1856",male,,1,0,SYN-01856,28.3887,,C
3857,1,1,"Anderson, Mrs. Alex 1857",female,15.19,0,1,SYN-01857,19.4284,,C
3858,0,1,"Bennett, Mrs. Morgan 1858",female,9.23,0,0,SYN-01858,24.9826,,C
3859,0,3,"Carter, Mrs. Taylor 1859",female,39.29,1,0,SYN-01859,12.3428,,S
3860,1,2,"Davis, Mrs. Jordan 1860",female,0.17,0,1,SYN-01860,17.2876,,Q
3861,1,2,"Evans, Mr. Casey 1861",male,47.14,1,0,SYN-01861,9.0738,,S
3862,0,3,"Foster, Mr. Riley 1862",male,4.47,0,1,SYN-01862,5.5988,,S
3863,0,3,"Green, Mr. Avery 1863",male,41.81,0,0,SYN-01863,6.0144,,S
3864,0,3,"Hall, Mr. Jamie 1864",male,17.56,1,0,SYN-01864,16.336,,S
3865,0,1,"Anderson, Mr. Alex 1865",male,44.68,0,0,SYN-01865,136.3631,,S
3866,0,3,"Bennett, Mr. Morgan 1866",male,74.91,0,1,SYN-01866,24.6393,,S
3867,0,3,"Carter, Mr. Taylor 1867",male,0.17,0,1,SYN-01867,4.173,,S
3868,0,3,"Davis, Mrs. Jordan 1868",female,39.74,0,0,SYN-01868,4.7146,,C
3869,0,1,"Evans, Mr. Casey 1869",male,4.69,0,1,SYN-01869,31.782,E90,S
3870,0,2,"Foster, Mr. Riley 1870",male,35.97,1,0,SYN-01870,40.6339,,S
3871,1,2,"Green, Mrs. Avery 1871",female,27.11,0,0,SYN-01871,25.1587,,S
3872,0,1,"Hall, Mr. Jamie 1872",male,31.82,0,1,SYN-01872,73.1568,D55,C
3873,1,3,"Anderson, Mr. Alex 1873",male,17.24,0,0,SYN-01873,11.3462,A121,C
3874,1,2,"Bennett, Mr. Morgan 1874",male,,1,0,SYN-01874,19.3851,D97,S
3875,0,2,"Carter, Mr. Taylor 1875",male,9.72,1,0,SYN-01875,10.7952,,C
3876,0,1,"Davis, Mr. Jordan 1876",male,47.38,1,0,SYN-01876,92.8273,,S
3877,1,3,"Evans, Mrs. Casey 1877",female,24.27,0,0,SYN-01877,9.0269,,C
3878,0,1,"Foster, Mrs. Riley 1878",female,10.36,2,1,SYN-01878,36.1732,,S
3879,0,2,"Green, Mr. Avery 1879",male,,0,0,SYN-01879,27.4287,,S
3880,0,1,"Hall, Mr. Jamie 1880",male,29.06,0,0,SYN-01880,55.3852,,S
3881,1,3,"Anderson, Mr. Alex 1881",male,56.71,1,0,SYN-01881,11.3328,,S
3882,0,1,"Bennett, Mr. Morgan 1882",male,47.1,1,0,SYN-01882,65.35,,S
3883,1,3,"Carter, Mr. Taylor 1883",male,,0,0,SYN-01883,16.3274,,S
3884,1,1,"Davis, Mr. Jordan 1884",male,28.81,0,0,SYN-01884,79.0108,,S
3885,0,1,"Evans, Mrs. Casey 1885",female,31.69,0,0,SYN-01885,43.0542,,S
3886,1,1,"Foster, Mrs. Riley 1886",female,51.37,0,1,SYN-01886,83.5627,A3,S
3887,1,1,"Green, Mrs. Avery 1887",female,36.13,1,0,SYN-01887,85.0785,,S
3888,1,1,"Hall, Mrs. Jamie 1888",female,32.47,2,0,SYN-01888,92.7334,,C
3889,0,3,"Anderson, Mr. Alex 1889",male,8.37,0,0,SYN-01889,17.6779,,S
3890,0,3,"Bennett, Mr. Morgan 1890",male,29.29,2,0,SYN-01890,7.1263,,S
3891,1,1,"Carter, Mrs. Taylor 1891",female,,0,0,SYN-01891,101.0747,,Q
3892,0,2,"Davis, Mr. Jordan 1892",male,,1,0,SYN-01892,7.7453,B104,S
3893,0,3,"Evans, Mr. Casey 1893",male,24.47,0,0,SYN-01893,9.3614,,S
3894,1,1,"Foster, Mrs. Riley 1894",female,22.1,1,0,SYN-01894,60.1856,,S
3895,1,2,"Green, Mrs. Avery 1895",female,22.25,0,3,SYN-01895,44.3471,,Q
3896,1,1,"Hall, Mrs. Jamie 1896",female,10.37,0,1,SYN-01896,64.2326,,S
3897,1,1,"Anderson, Mr. Alex 1897",male,19.49,1,0,SYN-01897,97.7965,,S
3898,1,3,"Bennett, Mrs. Morgan 1898",female,,0,2,SYN-01898,3.7947,,S
3899,1,3,"Carter, Mrs. Taylor 1899",female,27.11,2,1,SYN-01899,8.241,,C
3900,0,3,"Davis, Mrs. Jordan 1900",female,,0,0,SYN-01900,6.2782,B34,S
3901,0,3,"Evans, Mr. Casey 1901",male,0.17,0,0,SYN-01901,39.0216,,Q
3902,1,2,"Foster, Mrs. Riley 1902",female,37.96,0,0,SYN-01902,13.8598,,S
3903,0,1,"Green, Mr. Avery 1903",male,,2,1,SYN-01903,72.8789,,S
3904,1,2,"Hall, Mrs. Jamie 1904",female,23.26,0,0,SYN-01904,21.4419,A82,S
3905,1,1,"Anderson, Mr. Alex 1905",male,32.53,0,2,SYN-01905,29.2033,E70,C
3906,0,1,"Bennett, Mr. Morgan 1906",male,23.06,0,2,SYN-01906,52.4141,,S
3907,0,1,"Carter, Mr. Taylor 1907",male,,0,0,SYN-01907,87.4543,,S
3908,1,3,"Davis, Mrs. Jordan 1908",female,42.91,0,1,SYN-01908,10.4828,,S
3909,1,2,"Evans, Mr. Casey 1909",male,,1,0,SYN-01909,5.6435,,S
3910,0,1,"Foster, Mr. Riley 1910",male,25.6,1,0,SYN-01910,51.2466,,S
3911,0,3,"Green, Mrs. Avery 1911",female,16.47,2,0,SYN-01911,17.5322,,S
3912,1,2,"Hall, Mrs. Jamie 1912",female,9.42,0,0,SYN-01912,27.6397,,S
3913,0,3,"Anderson, Mr. Alex 1913",male,33.13,1,1,SYN-01913,19.5408,,S
3914,1,2,"Bennett, Mr. Morgan 1914",male,,0,0,SYN-01914,11.6304,,S
3915,1,3,"Carter, Mrs. Taylor 1915",female,32.84,0,0,SYN-01915,20.2286,,S
3916,1,1,"Davis, Mrs. Jordan 1916",female,10.64,1,1,SYN-01916,68.3111,,C
3917,0,3,"Evans, Mr. Casey 1917",male,33.15,0,0,SYN-01917,24.0061,A34,S
3918,1,1,"Foster, Mr. Riley 1918",male,,0,0,SYN-01918,70.1273,D68,S
3919,0,1,"Green, Mr. Avery 1919",male,42.1,1,0,SYN-01919,22.7004,,S
3920,0,3,"Hall, Mr. Jamie 1920",male,38.49,2,0,SYN-01920,15.9535,,S
3921,1,2,"Anderson, Mr. Alex 1921",male,6.81,0,0,SYN-01921,15.6708,,S
3922,1,1,"Bennett, Mrs. Morgan 1922",female,37.63,2,0,SYN-01922,56.9156,,S
3923,1,3,"Carter, Mr. Taylor 1923",male,11.49,0,1,SYN-01923,4.4969,,Q
3924,1,1,"Davis, Mrs. Jordan 1924",female,10.1,0,0,SYN-01924,170.8362,B81,S
3925,1,3,"Evans, Mrs. Casey 1925",female,27.36,0,1,SYN-01925,7.5081,,S
3926,0,3,"Foster, Mrs. Riley 1926",female,35.75,0,0,SYN-01926,23.7802,,S
3927,1,2,"Green, Mrs. Avery 1927",female,7.03,0,0,SYN-01927,15.7769,,S
3928,0,3,"Hall, Mr. Jamie 1928",male,39.86,0,0,SYN-01928,6.0034,,S
3929,0,1,"Anderson, Mrs. Alex 1929",female,40.69,2,0,SYN-01929,144.6383,,C
3930,0,3,"Bennett, Mr. Morgan 1930",male,30.66,1,1,SYN-01930,9.6047,,C
3931,1,1,"Carter, Mr. Taylor 1931",male,17.85,0,0,SYN-01931,67.5948,,S
3932,0,1,"Davis, Mr. Jordan 1932",male,,1,1,SYN-01932,34.5913,,S
3933,0,2,"Evans, Mr. Casey 1933",male,44.36,0,2,SYN-01933,15.5497,,S
3934,1,3,"Foster, Mr. Riley 1934",male,8.84,2,0,SYN-01934,12.659,,S
3935,0,3,"Green, Mr. Avery 1935",male,44.9,1,0,SYN-01935,4.8941,,S
3936,1,3,"Hall, Mrs. Jamie 1936",female,27.69,0,1,SYN-01936,7.4342,,C
3937,1,3,"Anderson, Mr. Alex 1937",male,,0,0,SYN-01937,7.9354,,S
3938,1,3,"Bennett, Mr. Morgan 1938",male,6.09,0,0,SYN-01938,10.3722,,S
3939,1,3,"Carter, Mrs. Taylor 1939",female,27.95,1,1,SYN-01939,22.5637,,S
3940,1,3,"Davis, Mrs. Jordan 1940",female,38.59,0,0,SYN-01940,8.4792,,S
3941,1,3,"Evans, Mrs. Casey 1941",female,,1,1,SYN-01941,6.8402,,Q
3942,1,2,"Foster, Mr. Riley 1942",male,36.98,0,0,SYN-01942,90.5802,,C
3943,0,3,"Green, Mr. Avery 1943",male,31.25,0,0,SYN-01943,7.88,,C
3944,1,3,"Hall, Mrs. Jamie 1944",female,,0,1,SYN-01944,9.0045,F122,C
3945,0,1,"Anderson, Mr. Alex 1945",male,41.97,0,0,SYN-01945,57.494,,S
3946,0,2,"Bennett, Mr. Morgan 1946",male,0.17,1,1,SYN-01946,17.1759,,S
3947,0,2,"Carter, Mrs. Taylor 1947",female,,0,0,SYN-01947,20.8739,,S
3948,0,3,"Davis, Mr. Jordan 1948",male,52.67,0,0,SYN-01948,16.5937,B86,S
3949,0,2,"Evans, Mrs. Casey 1949",female,,0,0,SYN-01949,24.9763,,S
3950,0,3,"Foster, Mr. Riley 1950",male,35.46,1,0,SYN-01950,18.0833,,S
3951,1,2,"Green, Mr. Avery 1951",male,25.78,0,1,SYN-01951,35.5147,,
3952,1,3,"Hall, Mrs. Jamie 1952",female,21.1,1,1,SYN-01952,11.2154,,S
3953,0,1,"Anderson, Mr. Alex 1953",male,25.76,0,1,SYN-01953,86.0963,E144,C
3954,1,3,"Bennett, Mr. Morgan 1954",male,37.61,0,1,SYN-01954,18.4007,E45,Q
3955,1,3,"Carter, Mr. Taylor 1955",male,18.7,0,1,SYN-01955,5.4272,E139,Q
3956,0,2,"Davis, Mr. Jordan 1956",male,40.6,1,1,SYN-01956,79.0237,,S
3957,0,2,"Evans, Mr. Casey 1957",male,59.86,0,0,SYN-01957,15.0867,,S
3958,1,2,"Foster, Mrs. Riley 1958",female,29.13,0,0,SYN-01958,16.4891,B92,S
3959,0,2,"Green, Mr. Avery 1959",male,11.18,0,0,SYN-01959,10.2696,,S
3960,1,3,"Hall, Mr. Jamie 1960",male,,0,0,SYN-01960,5.2195,,S
3961,0,3,"Anderson, Mr. Alex 1961",male,,1,0,SYN-01961,17.0868,,C
3962,1,3,"Bennett, Mr. Morgan 1962",male,,2,1,SYN-01962,34.8548,,S
3963,0,3,"Carter, Mr. Taylor 1963",male,,1,0,SYN-01963,7.3199,,S
3964,1,2,"Davis, Mrs. Jordan 1964",female,22.53,0,1,SYN-01964,24.2098,,Q
3965,1,3,"Evans, Mr. Casey 1965",male,41.63,0,1,SYN-01965,11.2873,,S
3966,1,3,"Foster, Mrs. Riley 1966",female,27.78,0,0,SYN-01966,17.3349,,Q
3967,1,2,"Green, Mr. Avery 1967",male,,0,1,SYN-01967,67.7636,,S
3968,1,3,"Hall, Mr. Jamie 1968",male,24.39,1,0,SYN-01968,23.0836,,S
3969,0,2,"Anderson, Mr. Alex 1969",male,,0,0,SYN-01969,17.5397,,S
3970,1,3,"Bennett, Mr. Morgan 1970",male,,0,0,SYN-01970,13.3753,,S
3971,0,3,"Carter, Mrs. Taylor 1971",female,28.65,0,0,SYN-01971,14.126,,S
3972,1,3,"Davis, Mr. Jordan 1972",male,,2,0,SYN-01972,9.8901,,C
3973,1,1,"Evans, Mr. Casey 1973",male,22.48,0,0,SYN-01973,38.3107,,Q
3974,0,3,"Foster, Mr. Riley 1974",male,15.27,0,0,SYN-01974,6.4447,E22,S
3975,1,1,"Green, Mrs. Avery 1975",female,26.73,1,0,SYN-01975,131.6279,,S
3976,1,3,"Hall, Mrs. Jamie 1976",female,,1,1,SYN-01976,19.9017,,S
3977,0,2,"Anderson, Mr. Alex 1977",male,22.71,0,0,SYN-01977,17.8423,E55,S
3978,1,3,"Bennett, Mr. Morgan 1978",male,17.81,0,0,SYN-01978,11.544,D80,S
3979,0,3,"Carter, Mr. Taylor 1979",male,32.18,1,0,SYN-01979,19.3188,A102,S
3980,1,1,"Davis, Mrs. Jordan 1980",female,36.99,1,1,SYN-01980,27.4166,,S
3981,0,2,"Evans, Mr. Casey 1981",male,53.0,0,0,SYN-01981,15.6464,,S
3982,0,3,"Foster, Mr. Riley 1982",male,34.95,1,0,SYN-01982,30.3384,C117,S
3983,1,2,"Green, Mr. Avery 1983",male,,0,0,SYN-01983,23.5789,,C
3984,1,1,"Hall, Mrs. Jamie 1984",female,40.07,2,0,SYN-01984,37.6159,,S
3985,1,1,"Anderson, Mr. Alex 1985",male,13.86,1,1,SYN-01985,74.6642,,S
3986,1,2,"Bennett, Mr. Morgan 1986",male,,0,1,SYN-01986,35.0762,,S
3987,1,3,"Carter, Mrs. Taylor 1987",female,,0,0,SYN-01987,2.4645,,S
3988,1,3,"Davis, Mr. Jordan 1988",male,11.35,0,1,SYN-01988,11.0181,F50,C
3989,0,1,"Evans, Mr. Casey 1989",male,41.14,0,1,SYN-01989,57.0351,,S
3990,1,3,"Foster, Mrs. Riley 1990",female,34.06,0,0,SYN-01990,4.0531,B92,C
3991,1,2,"Green, Mrs. Avery 1991",female,31.11,1,1,SYN-01991,20.9218,E101,S
3992,1,2,"Hall, Mr. Jamie 1992",male,0.17,0,1,SYN-01992,18.5537,,S
3993,1,3,"Anderson, Mrs. Alex 1993",female,58.78,2,0,SYN-01993,9.8684,F17,S
3994,0,2,"Bennett, Mrs. Morgan 1994",female,5.72,2,1,SYN-01994,16.5137,B84,S
3995,0,3,"Carter, Mr. Taylor 1995",male,58.73,0,2,SYN-01995,5.7022,,S
3996,0,3,"Davis, Mr. Jordan 1996",male,5.9,0,0,SYN-01996,4.4927,,S
3997,0,3,"Evans, Mrs. Casey 1997",female,18.63,1,1,SYN-01997,6.8394,F95,S
3998,1,3,"Foster, Mrs. Riley 1998",female,0.17,0,0,SYN-01998,16.0414,,S
3999,0,1,"Green, Mr. Avery 1999",male,,1,1,SYN-01999,79.5737,,S
4000,1,1,"Hall, Mr. Jamie 2000",male,14.58,0,1,SYN-02000,67.3869,,S
4001,1,1,"Anderson, Mr. Alex 2001",male,14.98,3,1,SYN-02001,39.5127,B136,S
4002,0,3,"Bennett, Mr. Morgan 2002",male,10.78,0,1,SYN-02002,8.1412,,Q
4003,0,3,"Carter, Mr. Taylor 2003",male,40.88,0,0,SYN-02003,14.9996,,S
4004,1,1,"Davis, Mr. Jordan 2004",male,39.96,0,0,SYN-02004,92.3999,,S
4005,1,1,"Evans, Mrs. Casey 2005",female,55.37,0,3,SYN-02005,53.841,,S
4006,0,2,"Foster, Mr. Riley 2006",male,20.4,1,0,SYN-02006,4.7563,,S
4007,0,3,"Green, Mr. Avery 2007",male,,0,0,SYN-02007,6.8993,F97,S
4008,1,3,"Hall, Mrs. Jamie 2008",female,11.95,0,0,SYN-02008,7.6684,,S
4009,1,3,"Anderson, Mrs. Alex 2009",female,25.31,0,0,SYN-02009,6.0719,,Q
4010,0,3,"Bennett, Mr. Morgan 2010",male,22.74,0,0,SYN-02010,7.9672,F93,C
4011,1,2,"Carter, Mrs. Taylor 2011",female,36.5,1,0,SYN-02011,31.3381,,S
4012,0,3,"Davis, Mrs. Jordan 2012",female,44.24,1,0,SYN-02012,9.797,,Q
4013,1,3,"Evans, Mrs. Casey 2013",female,43.87,0,0,SYN-02013,17.2346,,S
4014,0,2,"Foster, Mr. Riley 2014",male,18.2,1,0,SYN-02014,8.7244,,Q
4015,0,3,"Green, Mr. Avery 2015",male,43.98,0,0,SYN-02015,8.4554,,S
4016,1,1,"Hall, Mr. Jamie 2016",male,29.38,1,2,SYN-02016,24.0957,C33,Q
4017,0,3,"Anderson, Mrs. Alex 2017",female,25.46,0,2,SYN-02017,7.9087,,S
4018,1,3,"Bennett, Mrs. Morgan 2018",female,,0,0,SYN-02018,5.6264,,S
4019,0,3,"Carter, Mr. Taylor 2019",male,22.16,0,0,SYN-02019,20.2322,,Q
4020,0,3,"Davis, Mr. Jordan 2020",male,,0,0,SYN-02020,12.5275,,S
4021,0,2,"Evans, Mr. Casey 2021",male,34.3,0,0,SYN-02021,34.949,,S
4022,1,3,"Foster, Mrs. Riley 2022",female,,2,0,SYN-02022,7.8967,F47,S
4023,1,3,"Green, Mrs. Avery 2023",female,4.09,0,1,SYN-02023,5.7073,C151,S
4024,1,3,"Hall, Mrs. Jamie 2024",female,64.24,0,0,SYN-02024,5.6082,,S
4025,0,3,"Anderson, Mr. Alex 2025",male,48.27,0,3,SYN-02025,11.5719,,S
4026,1,2,"Bennett, Mr. Morgan 2026",male,19.91,0,1,SYN-02026,54.1263,,S
4027,0,3,"Carter, Mr. Taylor 2027",male,,1,1,SYN-02027,12.5459,,C
4028,0,3,"Davis, Mr. Jordan 2028",male,,0,0,SYN-02028,8.1373,,S
4029,1,2,"Evans, Mr. Casey 2029",male,32.04,1,0,SYN-02029,18.0277,,C
4030,1,3,"Foster, Mr. Riley 2030",male,,0,0,SYN-02030,9.8293,,S
4031,1,3,"Green, Mrs. Avery 2031",female,,0,0,SYN-02031,30.4851,,C
4032,1,3,"Hall, Mr. Jamie 2032",male,50.33,1,0,SYN-02032,19.7089,,C
4033,0,3,"Anderson, Mrs. Alex 2033",female,11.61,1,0,SYN-02033,11.537,,C
4034,0,2,"Bennett, Mr. Morgan 2034",male,,0,0,SYN-02034,21.2442,,S
4035,1,3,"Carter, Mrs. Taylor 2035",female,23.24,0,0,SYN-02035,11.7897,,S
4036,1,1,"Davis, Mr. Jordan 2036",male,,0,1,SYN-02036,91.8675,,C
4037,0,3,"Evans, Mr. Casey 2037",male,57.98,0,1,SYN-02037,7.9671,F118,S
4038,1,3,"Foster, Mrs. Riley 2038",female,,0,1,SYN-02038,6.2861,,S
4039,0,3,"Green, Mr. Avery 2039",male,43.22,1,0,SYN-02039,17.6424,,S
4040,0,3,"Hall, Mr. Jamie 2040",male,26.3,3,0,SYN-02040,10.1216,,C
4041,1,3,"Anderson, Mrs. Alex 2041",female,25.99,0,3,SYN-02041,16.8506,,S
4042,0,3,"Bennett, Mr. Morgan 2042",male,,1,0,SYN-02042,24.7289,A130,S
4043,1,2,"Carter, Mr. Taylor 2043",male,40.94,0,0,SYN-02043,26.6309,F85,C
4044,1,3,"Davis, Mr. Jordan 2044",male,36.87,0,0,SYN-02044,12.1799,F145,S
4045,0,3,"Evans, Mr. Casey 2045",male,48.0,0,0,SYN-02045,58.1321,E110,S
4046,1,1,"Foster, Mrs. Riley 2046",female,27.05,0,2,SYN-02046,78.4418,,S
4047,0,3,"Green, Mr. Avery 2047",male,28.02,1,0,SYN-02047,5.4892,G50,S
4048,0,3,"Hall, Mr. Jamie 2048",male,32.38,0,0,SYN-02048,8.5669,,S
4049,0,3,"Anderson, Mrs. Alex 2049",female,42.49,0,0,SYN-02049,23.4768,,S
4050,0,3,"Bennett, Mrs. Morgan 2050",female,9.42,0,0,SYN-02050,4.9076,,S
4051,1,2,"Carter, Mr. Taylor 2051",male,40.3,0,0,SYN-02051,13.222,,C
4052,1,3,"Davis, Mrs. Jordan 2052",female,29.71,0,0,SYN-02052,,,C
4053,0,1,"Evans, Mr. Casey 2053",male,15.18,0,0,SYN-02053,60.2862,,C
4054,0,2,"Foster, Mr. Riley 2054",male,0.82,1,0,SYN-02054,18.8233,B75,S
4055,1,3,"Green, Mrs. Avery 2055",female,28.09,2,1,SYN-02055,18.0463,,S
4056,0,2,"Hall, Mr. Jamie 2056",male,,0,0,SYN-02056,13.4837,,C
4057,1,1,"Anderson, Mr. Alex 2057",male,53.45,0,0,SYN-02057,31.2108,,S
4058,0,3,"Bennett, Mr. Morgan 2058",male,34.98,1,1,SYN-02058,4.6585,B98,S
4059,1,2,"Carter, Mrs. Taylor 2059",female,57.47,2,1,SYN-02059,27.542,,S
4060,0,2,"Davis, Mrs. Jordan 2060",female,29.4,1,0,SYN-02060,23.0636,G56,S
4061,1,2,"Evans, Mr. Casey 2061",male,43.35,1,0,SYN-02061,13.6648,,S
4062,1,3,"Foster, Mrs. Riley 2062",female,23.68,1,3,SYN-02062,5.287,,S
4063,0,2,"Green, Mr. Avery 2063",male,,0,0,SYN-02063,17.2346,,S
4064,1,3,"Hall, Mrs. Jamie 2064",female,20.51,0,0,SYN-02064,18.4796,,S
4065,1,3,"Anderson, Mr. Alex 2065",male,,1,0,SYN-02065,6.3147,E83,S
4066,0,1,"Bennett, Mr. Morgan 2066",male,,0,0,SYN-02066,48.6192,,S
4067,0,3,"Carter, Mr. Taylor 2067",male,21.02,0,0,SYN-02067,5.1955,,C
4068,0,1,"Davis, Mr. Jordan 2068",male,9.81,0,1,SYN-02068,57.1922,,C
4069,1,3,"Evans, Mrs. Casey 2069",female,13.48,3,1,SYN-02069,12.0435,,Q
4070,1,1,"Foster, Mr. Riley 2070",male,27.14,0,3,SYN-02070,224.0431,,S
4071,1,3,"Green, Mr. Avery 2071",male,54.69,0,0,SYN-02071,11.2725,,S
4072,0,2,"Hall, Mr. Jamie 2072",male,59.31,0,2,SYN-02072,19.4182,,S
4073,1,3,"Anderson, Mrs. Alex 2073",female,6.75,1,0,SYN-02073,16.074,,S
4074,0,2,"Bennett, Mr. Morgan 2074",male,25.04,1,0,SYN-02074,29.3312,,S
4075,0,3,"Carter, Mr. Taylor 2075",male,15.52,0,0,SYN-02075,7.2781,,C
4076,1,2,"Davis, Mr. Jordan 2076",male,,0,1,SYN-02076,70.9422,,S
4077,1,1,"Evans, Mr. Casey 2077",male,34.01,2,0,SYN-02077,69.0675,,S
4078,1,2,"Foster, Mrs. Riley 2078",female,,2,1,SYN-02078,22.7767,,Q
4079,1,3,"Green, Mrs. Avery 2079",female,31.02,1,0,SYN-02079,13.5424,,S
4080,1,3,"Hall, Mrs. Jamie 2080",female,23.32,0,0,SYN-02080,12.0953,A53,C
4081,0,3,"Anderson, Mr. Alex 2081",male,52.6,0,0,SYN-02081,23.1398,,S
4082,1,3,"Bennett, Mrs. Morgan 2082",female,37.66,0,3,SYN-02082,7.2292,,S
4083,0,3,"Carter, Mr. Taylor 2083",male,39.38,0,1,SYN-02083,15.3858,,Q
4084,1,2,"Davis, Mrs. Jordan 2084",female,0.17,0,1,SYN-02084,21.8947,C79,C
4085,0,3,"Evans, Mr. Casey 2085",male,29.06,0,0,SYN-02085,17.1686,,C
4086,1,3,"Foster, Mrs. Riley 2086",female,59.16,1,0,SYN-02086,8.8848,A38,S
4087,0,3,"Green, Mrs. Avery 2087",female,48.57,0,2,SYN-02087,8.2471,,S
4088,1,3,"Hall, Mrs. Jamie 2088",female,4.14,0,0,SYN-02088,14.9577,F6,S
4089,1,3,"Anderson, Mr. Alex 2089",male,25.61,0,1,SYN-02089,12.1762,,S
4090,0,3,"Bennett, Mr. Morgan 2090",male,13.18,2,0,SYN-02090,6.3689,B47,S
